"","Accumbens.Area","Amygdala","Caudate","Cerebellum.Exterior","Cerebellum.White.Matter","Cerebral.White.Matter","Hippocampus","Inf.Lat.Vent","Lateral.Ventricle","Pallidum","Putamen","Thalamus.Proper","Ventral.DC","Basal.Forebrain","ACgG.anterior.cingulate.gyrus","AIns.anterior.insula","AOrG.anterior.orbital.gyrus","AnG.angular.gyrus","Calc.calcarine.cortex","CO.central.operculum","Cun.cuneus","Ent.entorhinal.area","FO.frontal.operculum","FRP.frontal.pole","FuG.fusiform.gyrus","GRe.gyrus.rectus","IOG.inferior.occipital.gyrus","ITG.inferior.temporal.gyrus","LiG.lingual.gyrus","LOrG.lateral.orbital.gyrus","MCgG.middle.cingulate.gyrus","MFC.medial.frontal.cortex","MFG.middle.frontal.gyrus","MOG.middle.occipital.gyrus","MOrG.medial.orbital.gyrus","MPoG.postcentral.gyrus.medial.segment","MPrG.precentral.gyrus.medial.segment","MSFG.superior.frontal.gyrus.medial.segment","MTG.middle.temporal.gyrus","OCP.occipital.pole","OFuG.occipital.fusiform.gyrus","OpIFG.opercular.part.of.the.inferior.frontal.gyrus","OrIFG.orbital.part.of.the.inferior.frontal.gyrus","PCgG.posterior.cingulate.gyrus","PCu.precuneus","PHG.parahippocampal.gyrus","PIns.posterior.insula","PO.parietal.operculum","PoG.postcentral.gyrus","POrG.posterior.orbital.gyrus","PP.planum.polare","PrG.precentral.gyrus","PT.planum.temporale","SCA.subcallosal.area","SFG.superior.frontal.gyrus","SMC.supplementary.motor.cortex","SMG.supramarginal.gyrus","SOG.superior.occipital.gyrus","SPL.superior.parietal.lobule","STG.superior.temporal.gyrus","TMP.temporal.pole","TrIFG.triangular.part.of.the.inferior.frontal.gyrus","TTG.transverse.temporal.gyrus"
"1000",0.806556750559589,0.839135080683123,0.895852951958002,0.946509078602774,0.886680329499127,0.936224105612204,0.893379779168135,0.550184219673271,0.86894317010948,0.876178388477187,0.925142941532911,0.919021508771199,0.898322159717403,0.653352579586514,0.832445103659376,0.882109695258501,0.719843837061906,0.832874285598398,0.817234990978801,0.773739747036248,0.82106260271793,0.823863306816029,0.657848993248667,0.558608884697994,0.765764894516127,0.811324433187158,0.728446968916439,0.792862754208612,0.831549243015452,0.753936507199486,0.844946743802214,0.70159760962102,0.85708741142395,0.803538020224604,0.825242126516362,0.570262523475483,0.779891636072993,0.816976678636554,0.84054399370836,0.676332431499024,0.582109511082723,0.680212544194306,0.644206577484865,0.806912502772163,0.86007314114444,0.840588794003897,0.834370903841224,0.702956452598136,0.854422136163865,0.789792736382031,0.769670623531407,0.829957689503411,0.752484910991471,0.786846012327637,0.843232798055042,0.83273759619157,0.846201325828247,0.764159951133089,0.847117836074608,0.796907490274808,0.889168352434049,0.663281412635835,0.81344279343393
"1001",0.758221535813625,0.81831580218677,0.903568813923988,0.95358076917995,0.92265085539241,0.936604131989828,0.873899221637994,0.568176699772538,0.905644200783976,0.904134325209974,0.935430680637776,0.926767378181947,0.904698048394197,0.740974096478982,0.868254878396258,0.880166016265179,0.696333660622355,0.793595894468284,0.819470632284414,0.810084697985928,0.788862629200773,0.742730365522928,0.749026862665869,0.805081433828287,0.79648475491183,0.764734843952408,0.697846343429838,0.799219093095092,0.801192324820531,0.653696710305472,0.843028130014916,0.638271646299755,0.838052423894263,0.691072604864456,0.810559933796388,0.483787862532632,0.632284710263626,0.824202329408188,0.824624989561193,0.724228082892679,0.748832763532026,0.834470386602065,0.570226244343891,0.754777212806284,0.784795282626774,0.805738465883461,0.865579724271806,0.797061515665684,0.725241398945186,0.863101472889268,0.808712586504686,0.849568811498621,0.76787010055171,0.616392567202734,0.804850875535399,0.805370908997223,0.744707770256146,0.674191431537977,0.754480636621022,0.824179950184531,0.875877407296047,0.823294266032286,0.808442075914559
"1002",0.774408398651519,0.851363125921717,0.91216408014595,0.953397387290911,0.924744806999981,0.934036407460159,0.886904047050057,0.617429758437554,0.938260356482608,0.887273880791255,0.928115058047221,0.924042760655179,0.908460796359514,0.613025210084034,0.835742003075186,0.891355777979982,0.711920892216147,0.810540934675011,0.777188357719101,0.771371180526002,0.764551159661157,0.818144532852104,0.764714734211799,0.761850970695845,0.769952773878755,0.752508428846572,0.714648891391139,0.80667779216326,0.73046197850558,0.747707804183789,0.813367034904115,0.770399344832155,0.859562922094149,0.703738821415971,0.814422779325286,0.359084254007832,0.749775400662867,0.841602865340299,0.839711804581263,0.735654824310273,0.592173729648271,0.707342223037734,0.646404361921603,0.809772997288384,0.839301099411995,0.800829389372229,0.847053245507218,0.652105729372839,0.839842461144323,0.797368953292964,0.797412644431708,0.836435106571805,0.72298871645804,0.515036192364898,0.827495398551769,0.737101018085998,0.767256662466283,0.562049795346853,0.839605665232501,0.781069397304574,0.900096155312666,0.813647175365259,0.728280368280368
"1006",0.786030157656706,0.785698571349906,0.919685936308625,0.953522305429055,0.911989091388601,0.939877240051977,0.863284691930288,0.615428352741786,0.961519252587444,0.905319691075377,0.929428925150865,0.930512066785432,0.90248597811607,0.592232874032254,0.806723157767175,0.903259100953443,0.562788246099893,0.734058709420978,0.854278321193435,0.739191433369635,0.726771296410109,0.796722961285195,0.766614173675835,0.756758646861443,0.821776469453241,0.639973670237485,0.78084880840303,0.817659852649047,0.787572794131652,0.677979248090929,0.832868873864688,0.598294593802501,0.882069033207464,0.710866994800757,0.802790424301453,0.508494955303466,0.746101092886089,0.825503039779888,0.765148162564753,0.725800133447905,0.560855850315308,0.794774628369896,0.686087615716679,0.788117752603842,0.80936680106464,0.757884442705546,0.883261229804612,0.713369730461732,0.79501298495481,0.781064364960283,0.788340567533448,0.873358203062217,0.770325740593798,0.58594804824524,0.875242849774141,0.790326190636765,0.765811237721213,0.653672813355235,0.802044312773722,0.786994378170849,0.742174734607313,0.78241646315795,0.783740867837253
"1007",0.804936213619109,0.837562656641604,0.914105388010555,0.952607554188724,0.917065711408472,0.930492569723506,0.882988009122716,0.584866865426134,0.89675310665146,0.881302010863892,0.929600703539344,0.926567227090451,0.903779727420956,0.654772280611809,0.848498512793332,0.876678597100551,0.753127394532641,0.779107010457048,0.828341298418441,0.826574044885726,0.754521205150522,0.835951593945084,0.772433224331505,0.707754563419544,0.760938905114548,0.76275025203674,0.72540525976124,0.754903976435772,0.773810650249551,0.69432382978454,0.845613721753069,0.744854624416954,0.888120796657596,0.706562521751402,0.822502112896305,0.455244588172052,0.706798830180227,0.813156889481827,0.818334730217315,0.782552302511212,0.56823809943331,0.830089635174006,0.689493005886449,0.804212448892566,0.771577072223828,0.822447212430709,0.852165875152432,0.760629985912381,0.816120268480345,0.831278312058457,0.752673614645537,0.848532687030541,0.771917066659248,0.816018591254255,0.834904068109805,0.783774694050671,0.793018150378642,0.554627767181373,0.785552114679848,0.795454811849361,0.892333105236538,0.774299003382379,0.771707855985879
"1008",0.855242152140016,0.847191645444344,0.935708155800196,0.954457061176481,0.901565397503281,0.93786606834603,0.899671107982424,0.650221272127213,0.934815305910788,0.902316075892502,0.938111901268369,0.934012995431578,0.905694692120315,0.56100707653794,0.860502701924504,0.892067202766319,0.73491480538623,0.565479570185046,0.817204481478887,0.762615700800671,0.757752252332732,0.767444706570475,0.762619264876549,0.778686057990559,0.84709154334851,0.763339158134056,0.77776433972764,0.810491664747796,0.752700878703817,0.782571831891931,0.847732676857563,0.778582457497282,0.880560988639622,0.657938231467906,0.81087880224556,0.575873546940239,0.635461692698406,0.848210598381403,0.822004317059725,0.715102918834102,0.663263387073496,0.821896295295456,0.676364934843893,0.782412040271854,0.811694775207887,0.817627558740027,0.861361101789974,0.596401612646061,0.808016489172927,0.826411426910479,0.8327325635138,0.881777563877974,0.524835709336277,0.719599397754581,0.852767204919669,0.760623889523762,0.716800747951789,0.627209011381982,0.752460828652618,0.808463540208705,0.880688911928138,0.771258822463545,0.835751421111391
"1009",0.819070844805734,0.833008051113448,0.926402415436911,0.955651529273917,0.923692015217,0.939168445985169,0.868188136682382,0.641566888396157,0.925067049740647,0.920476821293474,0.940476784746251,0.919957532040289,0.904546040961135,0.617360357652844,0.790937970031941,0.889097374663977,0.597817690043786,0.680712191307824,0.754808081088973,0.817228247745228,0.715431126296039,0.786697398501895,0.748168447084856,0.635966883004869,0.740063013445807,0.686310358853788,0.73354957340101,0.807978358128868,0.789671634256328,0.729249794885595,0.871650185230713,0.455037355347518,0.812045876455001,0.770022930151665,0.767919524596033,0.683361141099879,0.733608063786263,0.803859538158319,0.855539921487424,0.735038774300977,0.70082666145935,0.734001916902698,0.75081498211933,0.801489143971214,0.837372221280806,0.822736368428245,0.857955307388256,0.558346935949215,0.848275715747372,0.757448223341483,0.800956894420176,0.86482644166571,0.639198654087147,0.758716390190368,0.753933784085884,0.825054398855437,0.605765885978317,0.756467553927557,0.811644718522904,0.776772123096195,0.876224817843127,0.79022797320856,0.771983639267669
"1010",0.817334268291684,0.853528587493976,0.904765048684164,0.955565201690356,0.919944362208999,0.941367370667163,0.875589081828355,0.537770236299648,0.892662376957887,0.904425412899641,0.936795426757655,0.927308313364503,0.895150337807281,0.660165936060928,0.77476187847136,0.879855024083265,0.54643186745576,0.76700298950004,0.855194310135517,0.804217121260191,0.777879476698487,0.767953841609681,0.773373117362887,0.692216928543968,0.844947312147471,0.786579572290565,0.766943809921483,0.836410022541324,0.767130750065426,0.711888833766823,0.845856018779351,0.714007342091255,0.863562680077785,0.729034326790957,0.784219085013918,0.625748510748511,0.693593774686518,0.795151541319631,0.834464075575749,0.819595793904831,0.503953403251972,0.74325261595409,0.781048949213599,0.790908071609992,0.823013885671384,0.777429873086845,0.862582624375765,0.760341709378184,0.833007415735438,0.808217442434819,0.825672465221407,0.873365116938847,0.765270328120288,0.758298100727045,0.845744242249677,0.824990979028044,0.743339129840447,0.665178837504421,0.77654277923957,0.857746004925826,0.897551408099046,0.797044686223319,0.802186221950873
"1011",0.814907494925588,0.804799543123183,0.929682834377659,0.952686679273509,0.901881103361982,0.935226159437525,0.891036000168202,0.612996072057429,0.943524288480497,0.88546589123442,0.938544425140076,0.929252370853639,0.911804793209989,0.523529411764706,0.779374681735378,0.878291574184664,0.770485400294966,0.732778805646758,0.830266808633261,0.814172000219213,0.689284323553431,0.803686246240152,0.748081355004234,0.793831887411925,0.79841353534342,0.746516542376551,0.742326189694372,0.823362733074153,0.821410190073112,0.782921000062481,0.842297196530918,0.636020178699399,0.852659934021548,0.712505086876248,0.807015198021423,0.502050047308784,0.701001207818975,0.781031361575938,0.845874356668862,0.827157499542905,0.641041754170571,0.79912391043211,0.744379026987891,0.8194397914047,0.808908410534292,0.831514124978796,0.844062027545604,0.785468692602527,0.80058852354587,0.805686709868841,0.822034123048268,0.863313035617221,0.764153085561355,0.708454482701916,0.884113444787733,0.827211447562702,0.780349707991496,0.676826538018029,0.710711899397079,0.818386790629603,0.912098714174018,0.668568923095732,0.824388743961832
"1012",0.833402637519306,0.793543328403148,0.911432406420442,0.952074151103558,0.912788235334016,0.937273949536082,0.890222878928384,0.624834705455786,0.874624437631011,0.885015365131545,0.921685030145687,0.94032769915421,0.911930302440125,0.657688327319516,0.839219195823859,0.887435232967664,0.674528645478619,0.687361982658184,0.848968470606852,0.79517091645091,0.728884621247555,0.701824037212114,0.647960277786705,0.645125289009307,0.845100647201385,0.779235553470575,0.694825264526464,0.833381320818434,0.788773716867597,0.753013317863494,0.858726732276838,0.614537534755617,0.885616968262554,0.643514439850862,0.807599457336029,0.686621177310794,0.749848625010512,0.848740911063346,0.862393595184659,0.825313785629345,0.60679207500485,0.809587874610491,0.793201036400583,0.804644241948871,0.799697808104143,0.821204321478866,0.824934743612472,0.770815447269525,0.809299042406617,0.795350351363507,0.788478879783228,0.862765076503812,0.729023220625993,0.791079929425081,0.868848771875118,0.823210823799416,0.79155090173778,0.725017466519927,0.729736794790892,0.855238195565395,0.878912236914556,0.81484324741093,0.746080761361188
"1013",0.858435681965094,0.829640336583315,0.938128363185335,0.951044599782935,0.904122630510956,0.94039134155311,0.902719190162113,0.623786565356197,0.961910387418065,0.878836662627599,0.933870978114634,0.931312672071936,0.897886023591026,0.682097964484616,0.881411991844447,0.880587085500846,0.578092988357067,0.717997647950958,0.704854745630594,0.766224979067739,0.711295438303893,0.847398782363168,0.81841377096259,0.845971581618636,0.830606787196633,0.655126030293286,0.6181958767736,0.814462811242147,0.773569736987906,0.698213918977111,0.847759628838505,0.532540362520371,0.859202878026584,0.628859336524908,0.815607933454009,0.433849701367769,0.710855091781871,0.829635829250204,0.791468482683349,0.754097417570378,0.575390313570016,0.824520925244599,0.750482163114293,0.800548796307341,0.798050710434715,0.83195873495557,0.821705468065352,0.585654035217154,0.786728200050135,0.83940299042553,0.73830323238887,0.885559320052138,0.723475108207823,0.67054579390485,0.838252798285393,0.816740495785998,0.649005305614407,0.596783103939589,0.783867442984839,0.828932457094988,0.841444478094631,0.83198547221374,0.659609010647347
"1014",0.838528345104028,0.839575153528642,0.936454103492475,0.957132767739953,0.923993612736471,0.937683580440364,0.877728791500404,0.647873221197733,0.94789571932776,0.898490414544815,0.935529754777435,0.936298841360428,0.911032841795069,0.611834851865899,0.828515091405924,0.868272107825266,0.648652202498356,0.831390846242998,0.798930601147967,0.779437229437229,0.742517955040355,0.733214922894142,0.785185551340196,0.774350075294814,0.795879843596139,0.699421347793374,0.768160129264853,0.779428756482567,0.824290452640772,0.687469497467722,0.879928568625278,0.568546658873953,0.805234367905017,0.81464116954688,0.829928291760697,0.739307099760938,0.818040566701075,0.830816375489374,0.791285086481174,0.748322870056256,0.554748171755998,0.701743867909806,0.750811981600909,0.813177986004284,0.830017103751069,0.819779184798188,0.860549492397293,0.713446792461391,0.820922706071373,0.782152261886971,0.653987916688687,0.862738731936753,0.608519608216278,0.757141671587954,0.728696298705651,0.835057771082091,0.754244997560404,0.646298768490073,0.840482522341993,0.840633365541115,0.858134355630974,0.63805520402455,0.517503852782289
"1015",0.791637966662075,0.859316278866176,0.926750999568286,0.958677976933779,0.923326912681439,0.935171930764619,0.880905052622206,0.347565521592017,0.918109388057018,0.903070188618766,0.930980972707199,0.93776927539969,0.902726824229577,0.748829631801659,0.828150024499062,0.890306867652603,0.777377974878068,0.723674535413639,0.807390254520954,0.811365062113844,0.75115437866948,0.830507520028208,0.764318577979678,0.837022276384953,0.803000417080709,0.755596789017304,0.693508503436736,0.775471449506376,0.679487507307912,0.77156359392106,0.823978723763928,0.629646305306402,0.822981738548299,0.681016180655734,0.855936266844563,0.673925501432665,0.722005323868678,0.85562161510069,0.837831261860808,0.781870455804918,0.438911552380743,0.801671721304896,0.718025629869919,0.798294920405681,0.856304224688011,0.783338113279697,0.873322385446575,0.689532445738189,0.800702652606199,0.84513699379931,0.811993953773626,0.848629724749346,0.648139854617593,0.656924460598487,0.842355082749947,0.806400335718468,0.670170807207715,0.667880856605758,0.781488201924614,0.763544797265228,0.909246200521544,0.706614481173828,0.751156547490008
"1036",0.844892426339946,0.842591292134832,0.921165772492599,0.953197093636875,0.916461148506561,0.933421135101672,0.845503051787372,0.501537202110242,0.934412470335445,0.872970636520033,0.924366483828801,0.912976907283725,0.896075644110377,0.555038720708036,0.790904762061984,0.896286178122278,0.756249107135075,0.712077945211275,0.770156789554187,0.802234672339396,0.740602892484229,0.831911459150299,0.728941159623441,0.842828535616205,0.737517600868563,0.705978618909151,0.593154675280435,0.751896682479829,0.770230002662377,0.616243690137549,0.812450085879664,0.380317559051633,0.880268318976791,0.672394118704679,0.795044365494847,0.698019366197183,0.834840006816707,0.820476961007248,0.827168083091184,0.668242588929907,0.549678538831228,0.817847192613173,0.435113104924426,0.64983717259261,0.74983334061549,0.81702171400085,0.864150436814183,0.77646136273751,0.848062675529433,0.375449734476561,0.805243177329787,0.878587143284525,0.777481308054649,0.709180737077593,0.861313831163366,0.819082246732384,0.798799051760148,0.722419988479033,0.818204039532767,0.848340161176079,0.874656774235908,0.751059026854277,0.790128426805879
"1017",0.78358486745787,0.838203437904219,0.887045566385818,0.956292027753313,0.923881097785237,0.941734118958123,0.882857768900846,0.489300816615137,0.889718607595514,0.897333640405712,0.939132025002334,0.93294040749438,0.904489027234891,0.689791090213328,0.854744354344373,0.891768875157945,0.672708888193976,0.746045424312819,0.866783722241616,0.773826304632832,0.801300155584912,0.734494420554845,0.645092575112318,0.797379084600672,0.694179885271711,0.732624288386049,0.697908957084989,0.750954809155822,0.617102451029203,0.584501034068423,0.858709888371801,0.638869571608687,0.845887595817353,0.744525785807616,0.849394241267062,0.668242668702716,0.753201541426073,0.834864896578472,0.792704298956466,0.753383003804191,0.380479024752675,0.709850367868115,0.547981606159798,0.80600055161883,0.861283210120419,0.768736176927128,0.857385888845093,0.84183386215673,0.848618626098637,0.756958382877527,0.786809143505584,0.8419515822517,0.799435752324138,0.39492645574381,0.827687183769098,0.812615614833551,0.803542939398867,0.775065584622209,0.837563854067771,0.682682223835639,0.88342370796822,0.739461087391024,0.797379240660683
"1003",0.803295855379189,0.837700591676519,0.884220735012477,0.935914626492525,0.89243142705659,0.936906845213032,0.864588534167807,0.653378037133156,0.838428717300983,0.893453402514575,0.919488791633872,0.918283992907211,0.896866370675185,0.647282517457726,0.779771982462461,0.892176329960078,0.714304491204187,0.774769414216256,0.774612786996408,0.748232721666781,0.754452206598136,0.776176763551169,0.731333327572584,0.823693345121311,0.798360667771264,0.77246093743791,0.66428069154356,0.810494459936228,0.815304731112577,0.605295188165496,0.807799749825224,0.625793481741358,0.886337063472495,0.814364130929342,0.829052423526604,0.652340208197041,0.855203968559816,0.742653826136821,0.779532608627679,0.755586258175142,0.648001141371996,0.786711533016593,0.360246194996986,0.743294980087746,0.800218675600598,0.773790856566935,0.850027012879111,0.66562353968312,0.84350710601199,0.760021028774904,0.768936824988648,0.884377605882996,0.69271808396368,0.728993612793904,0.867916555455436,0.761253311136707,0.771402677349535,0.745839329265419,0.805571166395485,0.840107062379887,0.796241287696675,0.761723351390623,0.740172025391804
"1004",0.791894403697378,0.827314892562116,0.904834864515738,0.957166680938809,0.918821677142693,0.939517832274115,0.894270136099955,0.574348429122475,0.919778957994636,0.889560545600963,0.934103239991535,0.937203549899354,0.913500733442991,0.601641241725515,0.852719549626586,0.89668620507702,0.658412264126468,0.703125003411016,0.832359599512902,0.748531622147514,0.783463685496888,0.839378524426309,0.714984501200328,0.853313344576484,0.813418582414179,0.802486445644556,0.728463117560342,0.833688029640118,0.825198974660671,0.525842658577155,0.869526886062319,0.682838063706967,0.812032579590663,0.738653846593709,0.851403677996098,0.485033846489791,0.65872279603068,0.806443454440983,0.761972667524235,0.725291318216337,0.65177900617272,0.725096927900451,0.532091454628941,0.814921787251009,0.851135737179469,0.815283965009437,0.843678934359227,0.642846359227205,0.824380052608257,0.827370696347335,0.727275939051964,0.85505572978827,0.633254925700764,0.78333376992495,0.815915652002049,0.767916403115821,0.721862274074493,0.737061653515797,0.844123671949415,0.724783013094675,0.885727705535759,0.727193650881238,0.753637001110051
"1005",0.799433828733192,0.840171750680927,0.92046004388546,0.955485534484891,0.908017642766272,0.924477810030036,0.849250836163914,0.591287545949726,0.969149041973398,0.896972744301771,0.918977791996181,0.932139322525867,0.907951747708287,0.656297075531243,0.822457437883414,0.88214023560799,0.700992260798132,0.668224105728058,0.760318989185317,0.817274687193277,0.743126622467976,0.793215447929685,0.716918998474332,0.779746380870255,0.827088183198656,0.747360901770252,0.767903261583942,0.810837429106477,0.808630574229376,0.649670591067677,0.791474214166587,0.553695623744249,0.867074817184214,0.738204306494481,0.817401328750027,0.595720941237904,0.798253042973986,0.763268759895904,0.827655755089732,0.786053292389039,0.725973909574835,0.601189431751429,0.351257919881052,0.675577478728669,0.821657341696333,0.757195204858311,0.860071601878628,0.712351821461375,0.803615061505646,0.826848634580857,0.783910109783472,0.848794819023372,0.634013658540444,0.765267264741613,0.835482794716139,0.84524196271229,0.745960178514194,0.667491506911495,0.808936636075114,0.718448089209378,0.885433705927156,0.604355504107205,0.787975858846273
"1018",0.840890075957992,0.802613439076256,0.910785448868072,0.960525651678213,0.926128579328373,0.941756373075705,0.865360867614389,0.512601217751554,0.917713088170981,0.905971582026466,0.928710904485851,0.928197420550211,0.902651968476198,0.704985244220889,0.810448177772728,0.861442187097292,0.622534923063232,0.758284503425399,0.843952426086277,0.796160757368677,0.781126241350905,0.813768111318712,0.670505671534732,0.720486772552634,0.846135534846,0.760559927930569,0.686286818809523,0.833027253738351,0.818987861296706,0.594006742264455,0.872936175516654,0.742184058382896,0.86297345281214,0.722419641414957,0.822343309630307,0.68458647403473,0.655218686924954,0.817316352521393,0.868402987714838,0.729340407138776,0.623847825337999,0.79896140885965,0.288751567701368,0.78360831511614,0.839510036135533,0.797761146694087,0.826567546497383,0.74218414710436,0.86311098088376,0.835105496055923,0.792418468973943,0.878433478394411,0.752690122753053,0.484795344575299,0.841076806373153,0.767629428637315,0.807355471244503,0.707443730364117,0.816986471804398,0.85542982508323,0.897069044790669,0.738872639115318,0.730591053547226
"1019",0.825700399168825,0.81428315538485,0.896281939692604,0.954224658769252,0.915432046013027,0.92878631101564,0.879880369185861,0.655011454445723,0.864643723691475,0.881886609499176,0.928538497797296,0.920048088995315,0.917211688863769,0.607162219838276,0.795554116947195,0.891463606075409,0.779353806288306,0.765776694979202,0.799814599876059,0.73958726945855,0.714814705481432,0.809575755300532,0.701566959487008,0.687066824370379,0.777318528223981,0.745247694656517,0.64773959675306,0.810903583352306,0.754292194764636,0.67885735204171,0.82543206090112,0.419599398483318,0.861139694795267,0.800936912314009,0.872149801173309,0.685372287203757,0.79839058134707,0.716453874340243,0.769234941699686,0.501564794459531,0.414994732501466,0.839006294929503,0.636901182664863,0.794123172175049,0.805330152110902,0.81726380035686,0.858729459850528,0.626916786476684,0.806062815190707,0.837930370444016,0.814064623900689,0.876235542277907,0.711528737834196,0.659957192407042,0.864557317524282,0.788512500462819,0.792432637302827,0.679965248967078,0.829634862007336,0.783183336577893,0.858389975519553,0.745849877079394,0.792395368276452
"1101",0.812828771960165,0.835372231640299,0.907948060183317,0.945471019143746,0.882772326759318,0.931597442896633,0.854146157640578,0.625237695749441,0.950041110555861,0.892262705911077,0.929226606381893,0.917861427202342,0.888582908866745,0.496362635713214,0.770356470236967,0.87119270040022,0.664425587467363,0.813634359090161,0.753190104541336,0.767125298456278,0.762652379508672,0.729682345847289,0.777023567176137,0.779913521655883,0.817128328581893,0.806688245933983,0.77705171443068,0.781501263156452,0.771834121059126,0.788634137562809,0.835403761689706,0.578827700716115,0.845819160386625,0.757856763209343,0.821484083683928,0.457941699492582,0.712009303526553,0.774767106337454,0.831802432335615,0.810368850110831,0.653678683958873,0.792056008357483,0.663302879291251,0.778917941074213,0.822709225676636,0.742469965998679,0.836303917950087,0.769293974023462,0.716708739169868,0.824358819149607,0.729613983764686,0.759280177972569,0.813808320611672,0.807802456196239,0.779642073392923,0.776970498325509,0.821578697894451,0.774652399792821,0.724783136960832,0.840142208710779,0.86724491349059,0.755010325931793,0.742194953624685
"1104",0.815534755874602,0.787820798341445,0.903435326645936,0.941717460705089,0.882912689835747,0.912438700041204,0.867996007495734,0.553007340320637,0.924248277768461,0.883229812049045,0.937974711818809,0.921888011901121,0.888023229787772,0.282851139486019,0.710375938499535,0.874225106091215,0.725434052342688,0.775132803759338,0.811802918313153,0.733443352506344,0.801634968418776,0.712423881536076,0.718860521222726,0.807255637508574,0.792161238840062,0.746917787546029,0.681392658565787,0.821923132129318,0.800350387404463,0.714368506943375,0.754938792805512,0.529531666387734,0.862980883645617,0.731170404051485,0.797462723469604,0.62695409368715,0.725893337266252,0.73867378970189,0.831035107650936,0.62627446581867,0.552336598961897,0.743457831281518,0.611649238324459,0.764430087551342,0.815511072884741,0.801463431070541,0.83263518308659,0.522766822850495,0.766627952903173,0.816661796028927,0.762204877582641,0.876942986115617,0.709575080306788,0.828632239522807,0.848704273837455,0.706640622474412,0.685571043400509,0.713284575879864,0.727206176199782,0.831945214283345,0.839442696965324,0.764688259531469,0.707087086216983
"1107",0.850297972129316,0.84631170062233,0.905686980119167,0.945048191401239,0.891149214354236,0.922641259165332,0.870666798100279,0.583423696045055,0.915139921249006,0.87138243218589,0.922325531794229,0.925410356378689,0.881979007629083,0.170176455882557,0.674580928455037,0.869413526905843,0.751684294556211,0.751451629474584,0.860241295928243,0.820110156770989,0.774001372349845,0.803691088250903,0.78666680242457,0.867227913854428,0.597354093600533,0.757713942590508,0.708956276673504,0.639212867087804,0.777183029600383,0.639314899818394,0.790537490852416,0.60305506167407,0.826567992475083,0.676226951318765,0.835709495465307,0.603700986177381,0.690762135877999,0.765602940145497,0.843945222606451,0.793456880007252,0.648053392572095,0.671161214548596,0.68805858771671,0.805914533565602,0.821018916660127,0.797726355738118,0.842600690460919,0.746907523060968,0.817594620176164,0.780077503707302,0.762779642118748,0.849675657566568,0.661488801918989,0.793878047332632,0.852549196634121,0.697472591487008,0.773501603244916,0.699436978086238,0.812141496663711,0.822481177567883,0.878938812947395,0.774991683742036,0.718826369887226
"1110",0.823591708216798,0.810956767682643,0.887631170758559,0.949936836837518,0.885832636704142,0.921076565557739,0.894837319322159,0.612659893929423,0.875952676347602,0.893691049658587,0.930323399960662,0.927936673208551,0.898066449843557,0.295447987618806,0.708860491553902,0.862283684424706,0.580341488760597,0.783784656405808,0.808552880772551,0.7994049349819,0.805271684022128,0.797445666917491,0.677956408193132,0.827350995703756,0.80264649282109,0.750819074092569,0.752787926092422,0.741514999754482,0.800853028126336,0.640616340949166,0.771545020153274,0.545083924810587,0.886330121726634,0.802868021962828,0.840320256034057,0.663831563426626,0.696766582658588,0.677605970953775,0.719896484083383,0.828517929036968,0.615827194017908,0.749500444418977,0.4142888452868,0.791281844998659,0.837593235575,0.818290019075796,0.820069969683869,0.73626384116427,0.854820771051736,0.831978734498628,0.795478927360049,0.854675198400444,0.743275222197129,0.735667633826311,0.883270054596481,0.725415219664434,0.782282444128306,0.689089792659758,0.8645021779228,0.733155489415434,0.901739354405201,0.684347463609367,0.746144959212108
"1113",0.787253661387611,0.815100538463607,0.887866006106848,0.946256386561696,0.89684886034625,0.938976541303614,0.877454230735478,0.584900150798009,0.918705512220537,0.877589840914458,0.930689152208867,0.932981016498361,0.903820269067521,0.306699413778885,0.856856430381878,0.901930429039539,0.485504826350813,0.689681984553535,0.805004630583949,0.831823372312282,0.688835513683072,0.859646691960522,0.723250999484181,0.746729281961734,0.862880488913784,0.832184048659777,0.65962879588541,0.814763391253121,0.811385560570452,0.389836727306732,0.866647885666703,0.758155968672658,0.770626822741119,0.713849445937024,0.820445559974906,0.636973900977465,0.767081762320077,0.840181713415046,0.780415480904302,0.682482869986206,0.697921833648842,0.749938345523639,0.336957069715256,0.736649787673279,0.754924856738063,0.824241622957653,0.887385050284253,0.765149295382342,0.870052965183598,0.829100633151508,0.788523924413586,0.858018437496747,0.648405233241142,0.834469161072815,0.811382469193465,0.801571202683052,0.783193281096515,0.764049744898109,0.825717890450645,0.851055687562759,0.907792667062119,0.577642488540373,0.72128888069614
"1116",0.634758513550353,0.811118930917371,0.877935063583103,0.94787032959619,0.909641734377582,0.923773476878505,0.872450383639291,0.655454870328773,0.949139319811989,0.885032469406207,0.906297986088916,0.921904418593802,0.904356057878763,0.192089650626236,0.789791003197417,0.862363627877879,0.644024717350107,0.767787419943108,0.78872528212379,0.766211972815753,0.779508039391676,0.75756797538527,0.632433463983206,0.75025778023878,0.829868517569461,0.706218782897803,0.710049331867477,0.850716100262984,0.798535038721457,0.598117377215325,0.744221310670116,0.686690530081155,0.866883275411091,0.718698330777293,0.824750520741962,0.486937659584826,0.704964255690551,0.779925063831641,0.851575539305508,0.628159195139121,0.680415104168253,0.554029505920564,0.573904413927331,0.781799659383643,0.834947984839472,0.787672663634773,0.83260809247518,0.784280419817034,0.834589880677651,0.785886156998335,0.685727374766459,0.833285083576682,0.6903565948476,0.568565349717772,0.840401891459541,0.73120696967236,0.767287366007403,0.704208880145212,0.823198550806938,0.815917326748402,0.841174790347591,0.567865343368658,0.717759563940969
"1119",0.801251931691477,0.773478008526298,0.784035867281511,0.94225941149795,0.884885928057987,0.907645812336027,0.853320311149286,0.676700812094664,0.958276797617368,0.720226159877386,0.829226756853102,0.895788538043602,0.896024156157048,0.329087153255951,0.791635488186215,0.861158137637922,0.622194050047728,0.639089158885508,0.588538455962887,0.68777726734932,0.651010967310105,0.694130271282737,0.605278150377137,0.609797880904078,0.700106796874793,0.770104003699035,0.64115550755557,0.705498568507194,0.642347301360944,0.539663626975033,0.784883158369833,0.560239156894822,0.814678569983206,0.720451525408899,0.816220335671466,0.446891476841738,0.59304132866439,0.733504772670924,0.823919317997334,0.374542791184228,0.504006531701584,0.699127774252228,0.505541775116734,0.686969842484967,0.774827024325448,0.691242106517336,0.834958947072354,0.635365583644532,0.748050180342033,0.834816142592619,0.777883712662046,0.778921609876079,0.710107746394934,0.7721234721451,0.804085191460503,0.73627713392229,0.665601850404776,0.640993987911609,0.751091860565771,0.780195987944946,0.878188296264915,0.688420205457663,0.735779276551798
"1122",0.754150353244822,0.840630228667038,0.884785267349261,0.953996771208104,0.935496244790099,0.918922741251347,0.850523068827071,0.729556961981639,0.953771599319266,0.86914929513811,0.910935379562148,0.927581924341572,0.88797777666889,0.431394957983193,0.843267040249251,0.869688973386459,0.592632995236329,0.741777449244928,0.784518338977708,0.770044990366471,0.770265055182323,0.706266285001284,0.660937970980495,0.791988794939903,0.757338617604391,0.737387859250178,0.692393771324473,0.786238294933945,0.819208817433426,0.621028624699312,0.813282504824695,0.656346834330928,0.780599578345133,0.593467710014005,0.837023395904563,0.504048237785277,0.711979149331004,0.814062955918795,0.818327080184316,0.833198381596456,0.665216037648767,0.773598060723969,0.621811031026846,0.774498007219275,0.793018069430399,0.774532552373734,0.841348072156367,0.712384110085752,0.821525030430169,0.739798965802685,0.747018014690282,0.824727855539756,0.766079114163315,0.718335928040131,0.726797670757778,0.716056710556787,0.818190836945843,0.69580747825937,0.807909488716216,0.756734230787843,0.832552713687436,0.726323763647311,0.756736561057672
"1125",0.820642883686362,0.815180784531654,0.893727988255089,0.947330520479618,0.923137545450357,0.918537751404062,0.869263920561528,0.653716329387001,0.969859206668853,0.854216162863688,0.914117018562843,0.913854361944086,0.899033184726151,0.172427988917351,0.856338204071438,0.87717386986471,0.688192976488406,0.798318285620923,0.806454398398457,0.720966692042057,0.770271887596181,0.799099646066196,0.618614019505505,0.763428380309696,0.808785287612844,0.754426249320201,0.677621325953182,0.817242268000775,0.718750310419744,0.670490347503159,0.821978889687647,0.754271878468198,0.847257527746567,0.806020093587334,0.847350827843191,0.618561892549337,0.789358956062999,0.840558933238223,0.806811911168881,0.713917650290741,0.372042764137586,0.757331818682213,0.724229398388565,0.753912601699629,0.800639238465785,0.80994678134029,0.832350929376301,0.714782332317502,0.818704107981783,0.830376839308086,0.675867977721765,0.836944614262198,0.713424990937313,0.679894727704168,0.847477172842313,0.768300356820505,0.79384936781391,0.740670438142479,0.841241427187088,0.82825751346886,0.905440963533123,0.739910587382511,0.704935465903108
"1128",0.704258017265348,0.779459618051851,0.76531613730642,0.951888985187446,0.921431724830604,0.878810292396799,0.838926102480131,0.674665477252453,0.920604063925612,0.756363048468975,0.768736402438644,0.897213103387986,0.843488542132289,0.45753468177486,0.817914108896015,0.766514407678322,0.710905499113046,0.600870561907016,0.727841395297516,0.606375646280279,0.709857350253313,0.753155984419263,0.61548740037875,0.818158762592012,0.758207892558801,0.70636365070402,0.696051223045084,0.827867826795484,0.823183845145385,0.576836991933644,0.795910814690713,0.475252640253917,0.805841893041735,0.702762408523796,0.868794265338034,0.70796568627451,0.751239468825153,0.712056022430894,0.827801169190277,0.608633280482108,0.603538463832516,0.670687008251775,0.211130034838357,0.71305322554804,0.756710631998811,0.753676112571818,0.538788061420918,0.648783563095434,0.748608395409273,0.783146170166848,0.687637071558763,0.774298972491764,0.712655623107942,0.746007066309706,0.804943808847052,0.737694325936411,0.603694285690886,0.667434408524757,0.779484055376543,0.774042065792417,0.8582930951695,0.585651927689891,0.707925215582416
