"","Left.Accumbens.Area","Right.Accumbens.Area","Left.Amygdala","Right.Amygdala","Left.Caudate","Right.Caudate","Left.Cerebellum.Exterior","Right.Cerebellum.Exterior","Left.Cerebellum.White.Matter","Right.Cerebellum.White.Matter","Left.Cerebral.White.Matter","Right.Cerebral.White.Matter","Left.Hippocampus","Right.Hippocampus","Left.Inf.Lat.Vent","Right.Inf.Lat.Vent","Left.Lateral.Ventricle","Right.Lateral.Ventricle","Left.Pallidum","Right.Pallidum","Left.Putamen","Right.Putamen","Left.Thalamus.Proper","Right.Thalamus.Proper","Left.Ventral.DC","Right.Ventral.DC","Left.Basal.Forebrain","Right.Basal.Forebrain","Left.ACgG.anterior.cingulate.gyrus","Right.ACgG.anterior.cingulate.gyrus","Left.AIns.anterior.insula","Right.AIns.anterior.insula","Left.AOrG.anterior.orbital.gyrus","Right.AOrG.anterior.orbital.gyrus","Left.AnG.angular.gyrus","Right.AnG.angular.gyrus","Left.Calc.calcarine.cortex","Right.Calc.calcarine.cortex","Left.CO.central.operculum","Right.CO.central.operculum","Left.Cun.cuneus","Right.Cun.cuneus","Left.Ent.entorhinal.area","Right.Ent.entorhinal.area","Left.FO.frontal.operculum","Right.FO.frontal.operculum","Left.FRP.frontal.pole","Right.FRP.frontal.pole","Left.FuG.fusiform.gyrus","Right.FuG.fusiform.gyrus","Left.GRe.gyrus.rectus","Right.GRe.gyrus.rectus","Left.IOG.inferior.occipital.gyrus","Right.IOG.inferior.occipital.gyrus","Left.ITG.inferior.temporal.gyrus","Right.ITG.inferior.temporal.gyrus","Left.LiG.lingual.gyrus","Right.LiG.lingual.gyrus","Left.LOrG.lateral.orbital.gyrus","Right.LOrG.lateral.orbital.gyrus","Left.MCgG.middle.cingulate.gyrus","Right.MCgG.middle.cingulate.gyrus","Left.MFC.medial.frontal.cortex","Right.MFC.medial.frontal.cortex","Left.MFG.middle.frontal.gyrus","Right.MFG.middle.frontal.gyrus","Left.MOG.middle.occipital.gyrus","Right.MOG.middle.occipital.gyrus","Left.MOrG.medial.orbital.gyrus","Right.MOrG.medial.orbital.gyrus","Left.MPoG.postcentral.gyrus.medial.segment","Right.MPoG.postcentral.gyrus.medial.segment","Left.MPrG.precentral.gyrus.medial.segment","Right.MPrG.precentral.gyrus.medial.segment","Left.MSFG.superior.frontal.gyrus.medial.segment","Right.MSFG.superior.frontal.gyrus.medial.segment","Left.MTG.middle.temporal.gyrus","Right.MTG.middle.temporal.gyrus","Left.OCP.occipital.pole","Right.OCP.occipital.pole","Left.OFuG.occipital.fusiform.gyrus","Right.OFuG.occipital.fusiform.gyrus","Left.OpIFG.opercular.part.of.the.inferior.frontal.gyrus","Right.OpIFG.opercular.part.of.the.inferior.frontal.gyrus","Left.OrIFG.orbital.part.of.the.inferior.frontal.gyrus","Right.OrIFG.orbital.part.of.the.inferior.frontal.gyrus","Left.PCgG.posterior.cingulate.gyrus","Right.PCgG.posterior.cingulate.gyrus","Left.PCu.precuneus","Right.PCu.precuneus","Left.PHG.parahippocampal.gyrus","Right.PHG.parahippocampal.gyrus","Left.PIns.posterior.insula","Right.PIns.posterior.insula","Left.PO.parietal.operculum","Right.PO.parietal.operculum","Left.PoG.postcentral.gyrus","Right.PoG.postcentral.gyrus","Left.POrG.posterior.orbital.gyrus","Right.POrG.posterior.orbital.gyrus","Left.PP.planum.polare","Right.PP.planum.polare","Left.PrG.precentral.gyrus","Right.PrG.precentral.gyrus","Left.PT.planum.temporale","Right.PT.planum.temporale","Left.SCA.subcallosal.area","Right.SCA.subcallosal.area","Left.SFG.superior.frontal.gyrus","Right.SFG.superior.frontal.gyrus","Left.SMC.supplementary.motor.cortex","Right.SMC.supplementary.motor.cortex","Left.SMG.supramarginal.gyrus","Right.SMG.supramarginal.gyrus","Left.SOG.superior.occipital.gyrus","Right.SOG.superior.occipital.gyrus","Left.SPL.superior.parietal.lobule","Right.SPL.superior.parietal.lobule","Left.STG.superior.temporal.gyrus","Right.STG.superior.temporal.gyrus","Left.TMP.temporal.pole","Right.TMP.temporal.pole","Left.TrIFG.triangular.part.of.the.inferior.frontal.gyrus","Right.TrIFG.triangular.part.of.the.inferior.frontal.gyrus","Left.TTG.transverse.temporal.gyrus","Right.TTG.transverse.temporal.gyrus"
"1000",0.795714285714286,0.816858237547893,0.863074204946996,0.812834224598931,0.879049676025918,0.910125142207053,0.946625111697143,0.94551289032155,0.893811107751235,0.878842129151012,0.934385610363264,0.936897113854194,0.886337832723603,0.897386253630203,0.589595375722543,0.495145631067961,0.828661110509795,0.905421381523391,0.88,0.871567267683773,0.92237616245967,0.928248097852258,0.925836210895222,0.912469760281504,0.901591043017089,0.89516339869281,0.664596273291925,0.64352856109906,0.769176735037932,0.865321445330831,0.890034669748422,0.873833022139237,0.745378444366934,0.698663230794009,0.837817717749654,0.840893804648382,0.821045423419311,0.810354077253219,0.756635255468142,0.787307289327945,0.823823897518958,0.816412351315631,0.84160066694456,0.800767099936075,0.672365988909427,0.647909967845659,0.459344262295082,0.656258269383435,0.665959800848239,0.853351659970395,0.840222808560539,0.775243007339814,0.744368919099027,0.717957872188504,0.741651505370033,0.84843065367075,0.820079756040347,0.833564109664913,0.805688954562246,0.707283301024647,0.801522160871512,0.867419635099913,0.730755711775044,0.610659439927733,0.848107772755473,0.868343316648888,0.759538357094365,0.850107394906413,0.829952416729276,0.823917456021651,0.601655933762649,0.532494758909853,0.788528738402217,0.776428571428571,0.758026716662761,0.835191947103523,0.834714816972087,0.846956565682088,0.509243697478992,0.83632505084446,0.658438691551274,0.491638341264446,0.66027027027027,0.690269108769058,0.674843554443054,0.570965125709651,0.827550039332226,0.810729215048769,0.864465682015639,0.856635371733063,0.855084927972479,0.827204865910976,0.804506505871152,0.861162079510703,0.761111857123674,0.643940886699507,0.867312661498708,0.841870824053452,0.815132408575032,0.77225636523266,0.749043977055449,0.787485515643105,0.783059539575643,0.877347141586903,0.743003631702628,0.752856283824414,0.758949880668258,0.809327846364883,0.84916725310814,0.843231153041035,0.803860232945092,0.843559032021511,0.843175177976215,0.853901931222629,0.735116676152533,0.814346978557505,0.849058371591867,0.842949176807445,0.717671049855847,0.876491155902921,0.894611691865943,0.876956065513938,0.739917157183344,0.58199121522694,0.802892064038561,0.824125230202578
"1001",0.741116751269036,0.782936010037641,0.811375993308239,0.824013157894737,0.90687698906877,0.900318979266348,0.951256014852423,0.954870277431271,0.92208744334844,0.923822568749341,0.933345289772852,0.938002314869152,0.868417234875961,0.87989069680785,0.404907975460123,0.685185185185185,0.906098134503841,0.905104712041885,0.907971683594952,0.901892285298399,0.937477280988731,0.935092449922958,0.924385522379304,0.927814972611077,0.898284875722278,0.909630178885902,0.745355191256831,0.735632183908046,0.85554647042791,0.872528830313015,0.889407580304546,0.870967741935484,0.619289340101523,0.785109228711547,0.782871536523929,0.804918402647214,0.816458519179304,0.822833275321963,0.805147058823529,0.815350496576994,0.77195860676426,0.796855775803144,0.716847826086957,0.768128916741271,0.796010538200979,0.698602794411178,0.804211911813096,0.786749482401656,0.761743067345784,0.834414774145246,0.805031446540881,0.707142857142857,0.778246601031411,0.61492128678987,0.763227230648722,0.835863593511264,0.770335477941177,0.833285066126074,0.592462751971954,0.71041257367387,0.835075287865368,0.84297520661157,0.835348837209302,0.426221335992024,0.857663296046332,0.816023428511662,0.733930024410089,0.649563232863776,0.796265681221433,0.825863486842105,0.287750254496098,0.634299138606108,0.569085690856909,0.662472035794183,0.841026783228465,0.79158345915932,0.802936714347638,0.844063380495046,0.713828083288841,0.735014377350144,0.73439099283521,0.772250724960964,0.839589484043301,0.828200972447326,0.375582479030755,0.728354263053536,0.736198934280639,0.770628473706712,0.738742393509128,0.824435006825421,0.801018459579885,0.811264649291586,0.84857861148714,0.886457399103139,0.835158417287195,0.742561854055747,0.679021201976726,0.776459854014598,0.867707172054998,0.850897092183955,0.789473684210526,0.827515047291488,0.839735289886347,0.856354135857241,0.743613138686131,0.791815524520948,0.545148625911385,0.678288431061807,0.839998931367049,0.77257525083612,0.81735044886316,0.767549938850387,0.763822336896425,0.724146195326543,0.62951379016207,0.702772254064803,0.718628105562779,0.781835118770377,0.842311831360385,0.796455564242898,0.863145939806928,0.884337884337884,0.813469985358712,0.82021286796433,0.765063291139241,0.849437025399319
"1002",0.77187244480785,0.795234549516009,0.845232390991854,0.857008907641819,0.908360820306898,0.915483248311044,0.953395183081389,0.953401881426384,0.928824153791721,0.920117727502453,0.932331741735349,0.935960727245934,0.888952902203658,0.889160222493556,0.537897310513447,0.706533776301218,0.951825713409021,0.925036927621861,0.885758039816233,0.8894131524624,0.929723817336615,0.928367308058678,0.918259406178627,0.93016881579767,0.907585938260785,0.90979458172075,0.645446507515473,0.581395348837209,0.83897353648757,0.828123439528613,0.895033462486791,0.886363636363636,0.679534487652569,0.770769230769231,0.808549506759225,0.824739638682253,0.706585081585082,0.846740538206936,0.773758042400591,0.774087343855912,0.729491910303718,0.795054260807685,0.816436712657469,0.8159039138538,0.768729641693811,0.773684210526316,0.829799426934097,0.686221419975933,0.731875872150973,0.808152095635892,0.753237537697357,0.743387287801026,0.707918367346939,0.73082114735658,0.795425861475504,0.821419050158053,0.745893719806763,0.715636545807502,0.734083601286174,0.721661721068249,0.744919786096257,0.881902965524468,0.777258566978193,0.75,0.861193754231898,0.863690788782691,0.688934217236104,0.745370916381649,0.803423680456491,0.823078516677025,0.43437708194537,0.309378806333739,0.710968997636591,0.803661056982581,0.833985393844549,0.841160292667739,0.828828828828829,0.845944246489206,0.699409733823366,0.773541570969224,0.622294814209882,0.551313093685975,0.757716847732368,0.679489695780177,0.579502894109636,0.734267819862809,0.767586821015138,0.83183833384885,0.80805065581185,0.863399049325957,0.806639748766263,0.793569601753745,0.841117683051193,0.855992329817833,0.674941451990632,0.630051813471503,0.842474769635805,0.837429726339265,0.770491803278688,0.814921681780709,0.821823617339312,0.776746242263484,0.853763083568699,0.822537710736469,0.737960954446855,0.706224972697488,0.563310069790628,0.459273797841021,0.818941504178273,0.835643458790916,0.632911392405063,0.830561656730468,0.776976580945696,0.756114079313718,0.508131430467972,0.640216698534098,0.840325342465753,0.838229699454707,0.761389160859299,0.815335319579515,0.89584996009577,0.916091576295323,0.801286058765741,0.826196473551637,0.734088246778602,0.718100890207715
"1006",0.8,0.77037037037037,0.823466666666667,0.75084663763909,0.919878963294303,0.918191322530058,0.950208668316742,0.956869574682304,0.905041819220046,0.919468659194687,0.937161436790929,0.941212564033215,0.856957424714434,0.868941641938675,0.649921507064364,0.590431738623104,0.964265182002481,0.959021245806749,0.893746541228556,0.917970858067998,0.931359107942601,0.929512453120492,0.926605504587156,0.933524418476464,0.900363922494344,0.902975155914528,0.517838939857288,0.671814671814672,0.786904078116025,0.827244873909969,0.907650695517774,0.898225957049486,0.636990595611285,0.481339187705818,0.825086942775846,0.65581671497922,0.863502935420744,0.839216767788196,0.68535725728933,0.792495029821074,0.661659600242277,0.801847752863055,0.813659585910191,0.780300957592339,0.8,0.727770859277709,0.738038648341428,0.769907963185274,0.827575602255254,0.810095619301757,0.696722864178822,0.579100469903782,0.746319059840605,0.834980178687652,0.824477371413224,0.804460966542751,0.766203189551775,0.792813192222496,0.748650732459522,0.605348988910633,0.851196894543886,0.821105527638191,0.661253946774921,0.536123853211009,0.884843739805572,0.876980428704567,0.78927081683299,0.675965665236052,0.845640428011442,0.764300482425913,0.517060367454068,0.473900293255132,0.760071301247772,0.729554655870445,0.814352377348972,0.823787761884978,0.792905136089284,0.742515945175736,0.641107266435986,0.808408145390847,0.458289824805662,0.637970669837495,0.778977006100422,0.811376266753841,0.560874848116646,0.790917691579943,0.779915162276808,0.776363636363636,0.780310335758745,0.838648615283322,0.768826135105205,0.74448419797257,0.878662904276102,0.885791366906475,0.693054518297237,0.73757722266989,0.763016288539849,0.823476229940481,0.788705583756345,0.771210676835081,0.806996620950109,0.776699029126214,0.871359306763866,0.875163378826104,0.798653198653199,0.748306997742664,0.602863602110023,0.587657353392693,0.880025924171797,0.869369488652914,0.818501559492999,0.761513157894737,0.795774363936938,0.743911624403716,0.540399198117319,0.774275331699484,0.766354378818737,0.825033647375505,0.784115426105717,0.782509070078289,0.768024425785858,0.723441337241543,0.723598562129603,0.830592849600241,0.77325853202431,0.786861313868613
"1007",0.783679753656659,0.814522494080505,0.833150384193194,0.86266318537859,0.911768573307035,0.914512922465209,0.952145132142536,0.953267477203647,0.917327539380771,0.91811606985359,0.928127262222567,0.930733619019458,0.875036158518947,0.883150235411614,0.528301886792453,0.607460035523979,0.908163265306122,0.887096774193548,0.875198475706573,0.88707729468599,0.92495497298379,0.932177681473456,0.931238615664845,0.920598527814649,0.907316111220667,0.896670377492157,0.568978955572876,0.7409200968523,0.847802197802198,0.85124716553288,0.888196607822776,0.865692910580691,0.780936454849498,0.721097540572193,0.794480691236114,0.771097046413502,0.810963618485742,0.851935015189539,0.793545208179354,0.852181558413012,0.801947261663286,0.720400918772186,0.81951871657754,0.857224935363401,0.793206793206793,0.756123535676251,0.567223548130469,0.845340050377834,0.683434736247883,0.839086808432293,0.771960698049567,0.758204451150509,0.691877558079207,0.738155585884188,0.709453178676797,0.809867929230003,0.834541443428932,0.716963385959019,0.652310594152782,0.725262421273618,0.816756087494841,0.874616029042167,0.758461284464256,0.739280245022971,0.881447963800905,0.895642652011322,0.668841135840368,0.746243169398907,0.857872040834287,0.789719119401366,0.455234353073253,0.377233620119126,0.711995177817963,0.727306273062731,0.790041230574057,0.845612436072713,0.793258202852299,0.847642740124992,0.742130498228059,0.81881051175657,0.530987514188422,0.618772196854389,0.8068163198427,0.853341489524392,0.710056390977444,0.639775668679896,0.819929297392841,0.790810374225971,0.815599504506429,0.716658806267358,0.826125073056692,0.826465276637662,0.844483058210252,0.862917063870353,0.720937700706487,0.776109097186259,0.814335575040436,0.815946017934831,0.84079014013169,0.823032759202972,0.790291998483125,0.718434852763211,0.853389238294899,0.841994286491634,0.710557734947979,0.84532300794783,0.803815844048113,0.831625183016105,0.814771395076202,0.849258849258849,0.732674695319824,0.848387096774194,0.78264776765655,0.807538178273584,0.576552342524098,0.551530073865635,0.817569452748216,0.753185057223062,0.743797950383603,0.833919929608447,0.893493528353358,0.890739471881094,0.801920219453652,0.743722050223598,0.812238493723849,0.740967961826858
"1008",0.863676341248901,0.848806366047745,0.840413318025258,0.84878587196468,0.936910449589612,0.931792201193954,0.955390005662514,0.953597755999111,0.911680029718602,0.891698089880695,0.939487062668247,0.936314161307523,0.895233106338397,0.899767501937484,0.606060606060606,0.686202686202686,0.947266734856234,0.921136707583656,0.897172236503856,0.906307409675444,0.939078113248093,0.938717130597425,0.933371233655486,0.934142815842729,0.892592253456643,0.915717975700756,0.599434495758718,0.532154340836013,0.85334695963209,0.863605342692795,0.898986975397974,0.885821337014396,0.691821628452789,0.811404811404811,0.555659714084837,0.565005871498071,0.831692167853356,0.806714923764054,0.815282392026578,0.704208930861607,0.822064777327935,0.695594567737661,0.764511873350924,0.765267175572519,0.777033881111787,0.750500454959054,0.8,0.77502691065662,0.8480581167924,0.851929926582831,0.786349534643226,0.743533186284339,0.78002677797905,0.776078557630393,0.794473087234481,0.829790634489372,0.784179970972424,0.715217089748925,0.749005964214712,0.814187643020595,0.879914984059511,0.821734104046243,0.770232925384919,0.782567049808429,0.880366767858249,0.879916997473836,0.710772754833928,0.591480786602738,0.814836003051106,0.814624881291548,0.585148514851485,0.577719066490533,0.802943581357318,0.471989068904939,0.838979506482643,0.857112616426757,0.789616169108103,0.856330991412959,0.646727656579873,0.786443148688047,0.706274292059967,0.607246813208873,0.839044881715675,0.80077276020285,0.616555661274976,0.735294117647059,0.808626313881841,0.778865861990435,0.851780858556591,0.778757102590488,0.825041736227045,0.809133489461358,0.862329259525521,0.864197530864197,0.806699232379623,0.361342537491074,0.85436817775706,0.758514086262777,0.854276957369741,0.799460188933873,0.818313652372074,0.850696280627534,0.889670691895661,0.873677437803832,0.764729458917836,0.292030567685589,0.707940780619112,0.731267163593566,0.860469402801671,0.845715234720992,0.863494886616274,0.653812445223488,0.806486046866263,0.611993462682814,0.659935088351965,0.541336971350614,0.77251356238698,0.715007376279673,0.849238171611868,0.755340060280435,0.874947419025299,0.88839206918868,0.745448669611117,0.794664708761625,0.823869104908566,0.847107438016529
"1009",0.784636488340192,0.853535353535353,0.815122176118027,0.851645569620253,0.925078369905956,0.928318174811161,0.953209400210452,0.957739771409641,0.922969905542945,0.923782534118875,0.938233795149172,0.940007629969596,0.864460431654676,0.873026403078148,0.650406504065041,0.605072463768116,0.928354237932345,0.9201108033241,0.918022328548644,0.919395465994962,0.949664786634032,0.9321608040201,0.918456497997816,0.920137562094001,0.91158082762727,0.900052438384898,0.663764961915125,0.562783661119516,0.769904819459133,0.80046403712297,0.89732191260978,0.881705948372615,0.639975735517137,0.591949029829134,0.610291858678955,0.771348519917164,0.793460326983651,0.724231464737794,0.827501943796512,0.814270941054809,0.732692079325496,0.69831870572063,0.75307210758173,0.817758460105557,0.749483115093039,0.739967897271268,0.671284537828061,0.625992131962178,0.706257413997628,0.779478992816196,0.760131950989632,0.632831798787334,0.636559882566272,0.777579435915744,0.811437463528496,0.802638675683525,0.788269039395891,0.795806553577073,0.77827860055806,0.672515552719732,0.86712271973466,0.873640713353632,0.617578772802653,0.291677961507184,0.857184543929188,0.763313756102396,0.697804895153938,0.812154696132597,0.73830785530498,0.804339875655248,0.682468694096601,0.715464657337639,0.643781452192667,0.824391869376874,0.802030456852792,0.804370814240395,0.856777973932314,0.848285645088745,0.818241903502974,0.647941148371071,0.630914826498423,0.778703462639938,0.690535664723841,0.767478878413126,0.729077374238665,0.757056451612903,0.821492182861666,0.781332329695145,0.840994724943481,0.836149743282987,0.828914234928159,0.820379016753639,0.855160815640109,0.856823266219239,0.449813309905557,0.689050211736237,0.841477206255118,0.857331804955471,0.811981914091937,0.696014828544949,0.792228571428571,0.805372183018438,0.855919754899903,0.879982839369347,0.525583299222268,0.774674115456238,0.750422535211268,0.782415136338342,0.836105705856506,0.675319789315275,0.818055426823617,0.830646589902569,0.511559416875276,0.728820714888826,0.769085258748818,0.739322816467872,0.766569618085289,0.8512128032008,0.702200751476114,0.853652361058362,0.866944533504328,0.888662708510037,0.813197717687919,0.776694110196327,0.697093023255814,0.855677154582763
"1010",0.831804281345566,0.8140589569161,0.880037488284911,0.832703213610586,0.914259653390088,0.896531957580969,0.955006072189373,0.955401427074497,0.911737943585077,0.924478422406402,0.941734671633162,0.940026541732101,0.878846686997505,0.872810563190515,0.468,0.596701649175412,0.911104745536141,0.875643666323378,0.909715070374185,0.897570584372948,0.939020469403065,0.935700893349509,0.926295051570286,0.928920968925863,0.901811805961426,0.886763965777554,0.652719665271967,0.65587044534413,0.809366995975119,0.749810892586989,0.874786967418546,0.880803260761507,0.644719687092568,0.434602649006623,0.719447396386823,0.825916666666667,0.837565582371459,0.859475345597039,0.823317307692308,0.784230245231608,0.762554541848473,0.794796073110384,0.77119016249451,0.756443556443556,0.737793223284101,0.802034948020349,0.53495568997046,0.841144004014049,0.842186082222377,0.846241602230954,0.765642354683451,0.809677419354839,0.763423920178548,0.761756124041528,0.826818877445506,0.830446369087275,0.742857142857143,0.792268084747193,0.813826561552456,0.621381705905056,0.849710051546392,0.845720324057767,0.664053751399776,0.758025357431886,0.857449042078558,0.874824684431978,0.721676489849378,0.751500600240096,0.764355492018108,0.798119613476103,0.667277726856095,0.542814221331998,0.781025923883067,0.623942867881977,0.779971791255289,0.795993244423738,0.810690274911802,0.849294526617136,0.805041818824361,0.819107832806463,0.572249589490969,0.418693982074264,0.639489865634252,0.809105787829192,0.826441631504923,0.717276166456494,0.816315505132361,0.766914390502847,0.816762530813476,0.830657354741162,0.781883194278903,0.773708920187793,0.855774755793909,0.871361839741286,0.807806401249024,0.723188405797101,0.853606868101238,0.800735574754519,0.839258506856272,0.77968799745304,0.830458561211611,0.823361144219309,0.868656355727405,0.873319934681573,0.833459157481504,0.703985113971158,0.783251231527094,0.735896514552641,0.850878387580008,0.843128703727457,0.830283182431131,0.807692307692308,0.715373555567389,0.770479048571746,0.713488551087166,0.60739806641446,0.775358882614131,0.767466927976482,0.84894113075578,0.871727870841305,0.903924221921516,0.895540197881967,0.716470074268239,0.847429365446966,0.83363707367873,0.78150912106136
"1011",0.818249813014211,0.798275862068966,0.785416666666667,0.824634655532359,0.933317897661496,0.923516797712652,0.950741089038873,0.953661591193725,0.90009468250817,0.899901441419244,0.935587814730128,0.935504664520943,0.882093585549708,0.899104320337197,0.579816513761468,0.582159624413146,0.955261044176707,0.930365799911855,0.878648233486943,0.897427951657887,0.937863372093023,0.938283237538867,0.941835614855889,0.918102402329532,0.919192885148704,0.906956266510126,0.508928571428571,0.536512667660209,0.700089170712375,0.853508248857086,0.890048154093098,0.86799238417601,0.816035145524437,0.72663139329806,0.739576977832011,0.727656187823319,0.838678446084957,0.822884207902281,0.801810335754131,0.832014424521687,0.792933505193722,0.603185284881113,0.819709355131698,0.813536828135368,0.727600993003837,0.771778584392015,0.775237498695062,0.828642156413313,0.779805607999441,0.828145800316957,0.775071633237822,0.710248552945182,0.657329598506069,0.840409008542583,0.783327650869417,0.871959614502065,0.844305844305844,0.800400042109696,0.806899453092133,0.752402586056264,0.870472008781559,0.804022988505747,0.471428571428571,0.79644475426978,0.863601142376409,0.8488785497959,0.757178808801704,0.69140194832698,0.870674560160093,0.751508734780307,0.347272003185982,0.504561681872273,0.628020901371653,0.717423133235725,0.720621496705674,0.858309699376063,0.818435030444358,0.869045747523974,0.813934863854778,0.839823135073456,0.592462065589819,0.69564438071339,0.714266825333862,0.865601869887028,0.803842264914055,0.682588965846668,0.812586445366528,0.824826778569337,0.816795613310298,0.795121951219512,0.80106100795756,0.860622462787551,0.862978723404255,0.828695816770774,0.798085142759446,0.779469632164243,0.786953360340708,0.842306425041186,0.81037037037037,0.798206278026906,0.828605482717521,0.818994757940179,0.847572908980076,0.876679707433237,0.741942653923094,0.776867792077553,0.711346633416459,0.717464187747638,0.887870709763412,0.884572606678784,0.854078505763899,0.812290502793296,0.769459355828221,0.808503343048174,0.712334950908475,0.658832807570978,0.682448353334429,0.749374785465601,0.784489618751356,0.844003308519438,0.907679926419867,0.917108228272124,0.731901740686514,0.645413481584434,0.797176820208024,0.853876384423008
"1012",0.858416945373467,0.810488676996424,0.775832862789385,0.806857142857143,0.913891625615764,0.907647628267183,0.95701355308211,0.947480744232971,0.924632631419482,0.900758201336236,0.937673941901701,0.936270674257346,0.881723307465882,0.899239806496199,0.558773424190801,0.708507670850767,0.89415189203493,0.854690852350302,0.882047181127549,0.8904,0.919114792286787,0.924474576271186,0.943236074270557,0.934717895465559,0.90966823606701,0.91104617182934,0.571936056838366,0.696969696969697,0.849398199656114,0.832566259323917,0.87535602875356,0.896542335965151,0.642241379310345,0.713392391870766,0.748295806651518,0.600756002768461,0.879279279279279,0.833180736128914,0.755723389190465,0.824090289939677,0.752588502120107,0.692014465839116,0.632402995234854,0.774784782004999,0.656982502476065,0.617169373549884,0.604268650871353,0.683356951661156,0.841862161176614,0.844362667343443,0.808290155440414,0.754983388704319,0.686122057727128,0.721771217712177,0.792511098243582,0.867523301058728,0.788004442798963,0.799817779513211,0.779123414071511,0.737270213112087,0.862508383635144,0.853615520282187,0.765957446808511,0.484330484330484,0.883033892889621,0.889176653403339,0.744288989012726,0.527344992050874,0.759325146333066,0.845402853771055,0.707339449541284,0.689075630252101,0.764404609475032,0.734273318872017,0.875355157504632,0.836820877817319,0.83198767127877,0.887071540321434,0.825375355065603,0.82256169212691,0.556264964086193,0.659666283084005,0.81074578989575,0.799094375595806,0.804743083003953,0.784571966133584,0.82768262845159,0.776821862348178,0.837568412822518,0.762807350076344,0.816503800217155,0.824425108763207,0.804578447794528,0.847197338111083,0.773559452688379,0.760591626974179,0.762942960962763,0.847835787594824,0.768327605956472,0.828547990155865,0.754256526674234,0.835496528825838,0.872823668019374,0.857040692269184,0.699300699300699,0.768892443022791,0.786851566512583,0.794730131746706,0.870883954754923,0.870248281666433,0.846596356663471,0.796012759170654,0.751076658053402,0.836869353365141,0.716308337703199,0.722791643846334,0.754625389265433,0.690775592877036,0.830136183921511,0.876890105964996,0.843715628437156,0.900884779799185,0.818217004257515,0.805921052631579,0.684955752212389,0.807190489997101
"1013",0.853273137697517,0.857519788918206,0.838885854724194,0.816236972024136,0.937315506164265,0.937221269296741,0.9522088901009,0.949397590361446,0.907412307782776,0.899649569926728,0.941088841974429,0.938811060919183,0.899001761597181,0.90562414266118,0.584397163120567,0.66839378238342,0.962820798928811,0.962394315057835,0.88169868554095,0.884718498659517,0.937020316027088,0.931732580037665,0.929115809982236,0.933868455732599,0.899755960202741,0.897807361002349,0.71654373024236,0.658256880733945,0.904503573581331,0.867227219397732,0.891065519523494,0.865777169574638,0.505528255528256,0.742262810755961,0.781577608142494,0.663244438879846,0.717063747585319,0.712205742277861,0.674144310823312,0.852570564516129,0.701772789258366,0.739278752436647,0.832740213523132,0.856259659969088,0.823721436343852,0.807392434305515,0.78957557706627,0.900144253886841,0.834393020848736,0.836136472849592,0.729477241105148,0.593448940269749,0.685385169186465,0.592480724902631,0.837386511024643,0.795101979491417,0.779025350156268,0.763712668358384,0.657132512671977,0.755586270444598,0.824935800938635,0.87551729846052,0.768491834774256,0.337258596325954,0.889890185650268,0.835281111813013,0.719718309859155,0.519051799824407,0.804289544235925,0.850314465408805,0.583732057416268,0.294765840220386,0.585049580472921,0.836997425232719,0.878519567912166,0.786004056795132,0.805200872002491,0.778339350180505,0.736064835659613,0.774952076677316,0.595889606576629,0.555607549524255,0.806526038233355,0.838438812004354,0.790225151015925,0.705573080967403,0.8559670781893,0.749965748732703,0.823161505094321,0.77798498541577,0.84409762576789,0.827586206896552,0.848931745131405,0.795516811955168,0.434391534391534,0.731528482797518,0.788845518690887,0.796923738840486,0.834707499018453,0.843037974683544,0.666788121697941,0.816654492330168,0.875695054141059,0.900395677978999,0.748074807480748,0.718915343915344,0.698542805100182,0.644818423383525,0.854211564729094,0.839050296782256,0.753310849716213,0.871878688822301,0.695995416056535,0.598046398046398,0.609378609378609,0.557387702055073,0.819522565215466,0.776402608050599,0.812759397604648,0.840575899020446,0.817192526178906,0.860851648351648,0.831875341716785,0.835624284077892,0.602935641701167,0.754940711462451
"1014",0.844500632111252,0.823179791976226,0.839035333707235,0.84753119913185,0.933284989122553,0.942737684057444,0.954126552173615,0.959391732216045,0.915674685757096,0.929121204432039,0.935489977045448,0.939570974098052,0.888082901554404,0.868201534868202,0.560364464692483,0.726134585289515,0.954685142761357,0.942738589211618,0.910861423220974,0.889543446244477,0.937410071942446,0.934383202099738,0.937389207969936,0.933626974483597,0.909441233140655,0.913519783477252,0.677930306230201,0.541143654114365,0.871244230950363,0.787386655839762,0.879615648592999,0.859897002508913,0.606436603334626,0.69982748706153,0.847678763696244,0.81917211328976,0.782866459167037,0.811888111888112,0.739687668282176,0.8177063400944,0.65971078162182,0.830702356440174,0.774380431284197,0.711224816117685,0.825953113900071,0.730648944487881,0.728194185116031,0.816245781450017,0.743698854337152,0.846405423083784,0.792761237594863,0.619718309859155,0.722272155311882,0.811219665931295,0.790500653418052,0.761917502787068,0.798384066140549,0.839901863548572,0.645337495122903,0.741841914430747,0.883019674935843,0.873415001074576,0.80733124720608,0.344309647602542,0.823775957325205,0.799017966744783,0.796529680365297,0.838658621030765,0.855570839064649,0.807533990270675,0.716619718309859,0.737423991155334,0.818652849740933,0.839633263631977,0.86382241813602,0.790961817303045,0.811454187115972,0.779122970401263,0.627975548363898,0.899826471052216,0.338570054504649,0.753754238656548,0.554901715287342,0.834180790960452,0.79400260756193,0.720617261797954,0.81408191440405,0.800700934579439,0.841585555085343,0.814718049205312,0.844516013598139,0.793915399041467,0.856770267333188,0.863109048723898,0.606126914660831,0.830977734753146,0.789314561617256,0.858545472949036,0.80134428678118,0.764142078556662,0.841155974584956,0.466722548197821,0.863221190439945,0.859687642404408,0.705429864253394,0.517299107142857,0.731088335773548,0.768348623853211,0.765181906211094,0.703187082593626,0.829681097452343,0.830296127562642,0.676227481455316,0.841970420402935,0.476833108412056,0.825365073014603,0.828913156526261,0.84167282127031,0.831343187245853,0.853844509370769,0.854294856017721,0.868355635478923,0.524139735705875,0.751907232224596,0.755487937404912,0.27579556412729
"1015",0.793305439330544,0.784123910939013,0.853333333333333,0.860487804878049,0.917447916666667,0.93496653617881,0.95807486631016,0.959145644721807,0.923687571186967,0.924306769922558,0.935716492762579,0.934351693342751,0.884177123900188,0.875704538712548,0.23696682464455,0.46583850931677,0.902712546726733,0.934767138451807,0.899549259497746,0.909884627377611,0.930048851470741,0.932043154265377,0.937570177408489,0.939240063036246,0.900918012029123,0.903795233892321,0.714285714285714,0.77752808988764,0.772343561570414,0.885345622119816,0.895438029874849,0.884823101509975,0.761606379948733,0.811645036829183,0.673252929603969,0.777718455241146,0.794499810773306,0.81455619712636,0.853904902685391,0.760078277886497,0.763103237629811,0.740993477170095,0.883529169243455,0.776545166402536,0.825065274151436,0.712232866617539,0.801152737752161,0.877495952509444,0.828991649009099,0.780096930533118,0.69159465828751,0.812476928755999,0.729981814982108,0.666518526748514,0.745371700669102,0.797279763768959,0.730048476955358,0.644246234829653,0.799016827377576,0.741508152173913,0.802755017218858,0.841872614024513,0.577291991969663,0.68834987137082,0.860846572220908,0.778259213408247,0.780719983910974,0.595698924731183,0.851081274982064,0.86010139143566,0.5635103926097,0.788796366389099,0.747084421235857,0.686769585918338,0.845337649491952,0.872182741116751,0.825294134486016,0.849012562616381,0.741917078737162,0.808187003690862,0.465899677864703,0.442574673958772,0.794309094290497,0.79709470155508,0.813098685676097,0.576433121019108,0.800588358898928,0.8,0.861354989757097,0.852956567242282,0.820984813621721,0.744301442084044,0.87016687016687,0.87442872687704,0.730842087136215,0.642601858470336,0.800275662903649,0.79702994011976,0.831589338598223,0.857540234452613,0.834182491894396,0.775964391691395,0.861727416798732,0.828066840896492,0.611792177466433,0.701237263464338,0.642754662840746,0.664110429447853,0.867609032925358,0.810274501157535,0.827213541666667,0.765873015873016,0.640651603699784,0.684169540549561,0.711337918792989,0.639129871811472,0.760907646555587,0.804772314646708,0.734270627902538,0.78366458560055,0.914180435041008,0.905351208891945,0.768112350268484,0.62637557685481,0.789473684210526,0.728158295281583
"1036",0.837209302325581,0.853016142735769,0.836816362827923,0.863044454422991,0.917356363200192,0.923589680286384,0.95197592382456,0.954931622422352,0.915155462616983,0.920359087139921,0.932986142288468,0.934320170194005,0.845297504798464,0.844530244530245,0.52354874041621,0.469101123595506,0.936366633696011,0.933460312202393,0.884109916367981,0.860945138511678,0.928243129162368,0.920347228846704,0.91283894497595,0.911051800206983,0.900671372008952,0.889981096408318,0.577190542420028,0.541729893778452,0.743686435835904,0.842475958282541,0.899572065920058,0.893842007049554,0.734496124031008,0.785714285714286,0.650804758572428,0.761135471959381,0.801360372842927,0.745145631067961,0.81088144452364,0.791290493892724,0.759482171246877,0.726300715990453,0.820282413350449,0.862397518280523,0.716468590831918,0.731307284129281,0.833960371206421,0.863000931966449,0.801187326579338,0.670414933093444,0.6547816890769,0.799566630552546,0.566979295699876,0.633989922125515,0.832199346116462,0.672689859173044,0.829818394844757,0.716178241670012,0.544738569240866,0.66390510261721,0.775457145333218,0.871246895928964,0.139750115687182,0.701271736309369,0.875974379684066,0.883754188118003,0.609461114513166,0.750173544157347,0.76695726132256,0.833468913422429,0.678417547982765,0.726744186046512,0.82808229031794,0.844172086043022,0.795453332621805,0.839882756222366,0.852699088619427,0.800412192211737,0.80926078270067,0.529854910714286,0.702305446491493,0.451995810543466,0.839344262295082,0.814833066403844,0.427967729542835,0.477554918815664,0.662425527617894,0.651714359370972,0.746906859348708,0.757146927533479,0.808534374564217,0.819156061620897,0.842328450269853,0.888960933700762,0.769569637411047,0.775983625198999,0.850926411819319,0.848548199767712,0.0369264186804236,0.717212149752767,0.811501597444089,0.792657004830918,0.874547114789832,0.878226099600145,0.791458427987279,0.760806916426513,0.65813377374071,0.743218134522482,0.856321483771252,0.859964318918511,0.773543349129013,0.85532216190701,0.808485210636391,0.77856237552055,0.773502365860191,0.677132486388385,0.838321041047226,0.804549604382228,0.848897457525003,0.845414847161572,0.909349526779364,0.842714126807564,0.770439061317184,0.768828078524688,0.75904732446644,0.820497084995397
"1017",0.804347826086957,0.760667903525046,0.855178735105408,0.822070145423439,0.883845503242176,0.890963203463203,0.955550383988829,0.95821352095442,0.922998858302677,0.925511458563188,0.940746468884313,0.941244397303863,0.886283408976299,0.879605104743559,0.606126914660831,0.37,0.878016637838728,0.901019607843137,0.891004283674441,0.905567819475104,0.936674103312167,0.942504221096596,0.927837330091723,0.937661172777217,0.889398887810045,0.920417716960749,0.687659574468085,0.689655172413793,0.836865310766605,0.865302311104194,0.89651174026476,0.887038523274478,0.570880307028064,0.776182881446039,0.761637849135474,0.730877531340405,0.862125503055597,0.87506156624528,0.765354330708661,0.77470664928292,0.793849035984701,0.80151353129884,0.855098389982111,0.612530915086562,0.647510332611691,0.641398464303218,0.785635155096012,0.814253039605152,0.646019677996422,0.743669876905415,0.787574070748788,0.674126720096779,0.750822648360377,0.634133645650335,0.727608712746717,0.772627622925149,0.644421877266792,0.5822848095992,0.454367026496565,0.723887544218954,0.85522404491908,0.865834076717217,0.790656284760845,0.43765215039221,0.873483608277715,0.83080626768594,0.722390709371995,0.748072197271418,0.851817140476934,0.846791877204691,0.577475434618292,0.768200089325592,0.716124148372445,0.774023816117419,0.841701212958698,0.821766197832603,0.770450498874593,0.815908321101953,0.705031724952044,0.806971819514579,0.539093838363911,0.198211018499695,0.81844316674038,0.621135736706934,0.548497267759563,0.54852652259332,0.812024127360823,0.796006735626654,0.856143966437272,0.86686007899612,0.81758477415896,0.719539954474662,0.869256556892132,0.853730174270609,0.864012738853503,0.804828973843058,0.881419234360411,0.817878405195742,0.742990654205608,0.776154992548435,0.83780487804878,0.719092331768388,0.8892293345767,0.800259450109906,0.834397296282388,0.766917293233083,0.422196796338673,0.350467289719626,0.861423635107118,0.80748099228592,0.817928508876682,0.804785112981834,0.795292350068862,0.814086046693215,0.76528860124158,0.79755080771235,0.862859556818618,0.812462311557789,0.62339853429641,0.752741774675972,0.888207191350264,0.872036931376109,0.774777883205383,0.716903607527324,0.818221447253705,0.770046801872075
"1003",0.800595238095238,0.800353356890459,0.823982869379015,0.852188990030342,0.876985468063535,0.893775262732417,0.940379695125884,0.930114137116868,0.909389312977099,0.873119548270195,0.936643732341111,0.936225610649135,0.850415512465374,0.876853784466659,0.580912863070539,0.746602717825739,0.830828745722363,0.850276063657031,0.90249433106576,0.887862796833773,0.924386782890736,0.913842384646795,0.919293218720153,0.917798427448177,0.898176441596846,0.897984624974029,0.704965920155794,0.594187298170075,0.692516129032258,0.836034222445898,0.885769230769231,0.897454950770946,0.676859289971495,0.751763951250802,0.744464228644478,0.802990325417766,0.834076965978806,0.69201030927835,0.78671622107661,0.706161137440758,0.80066750104297,0.731996427701551,0.762529519811073,0.804080565001308,0.681102362204724,0.786885245901639,0.820889647027949,0.823849878934625,0.766952559635486,0.839019702066314,0.825182101977107,0.749026548672566,0.737083981913868,0.581673306772908,0.816393335297391,0.809213455855564,0.815837648412574,0.813649822824135,0.670075978959673,0.559641953687488,0.749301954527324,0.848590670990272,0.817300232738557,0.450923226433431,0.891304897474147,0.879526660963787,0.812287317207762,0.824743892828999,0.838637728403534,0.814605036917164,0.553351206434316,0.766559485530547,0.847149017728797,0.872354948805461,0.7014064697609,0.764528476974829,0.762872177446213,0.792531637678449,0.777815468113976,0.739422933173868,0.639092413141101,0.627811860940695,0.773712737127371,0.80730782488797,0.41031149301826,0.304347826086957,0.775090947999144,0.726395438096282,0.82675126718448,0.792883796313746,0.76397426733381,0.780560623652347,0.846641872675563,0.855987678090104,0.724885844748858,0.60171568627451,0.842003725385844,0.845287603383019,0.737691352916839,0.775216747726792,0.793967954759661,0.745651333591032,0.888319574912231,0.881788898044797,0.749496797804209,0.638385691355194,0.728373702422145,0.725010725010725,0.875991348233598,0.857171575032667,0.687540053098965,0.811983249221518,0.777859611353464,0.764816413589965,0.765716309544891,0.763808078252804,0.843729412988454,0.782602413120439,0.8519890260631,0.838161243164221,0.794644935972061,0.796415305701315,0.767605633802817,0.751214470284238,0.788354596009159,0.696825975921197
"1004",0.777404169468729,0.819599109131403,0.822721026110857,0.837209302325581,0.89688740873575,0.910841565587095,0.958946158770313,0.956229162205977,0.922174574629963,0.918326803156559,0.938854634613368,0.939863951953641,0.89707750952986,0.890031291908806,0.508620689655172,0.630265210608424,0.920894042261042,0.91794301360486,0.878338278931751,0.897428488876047,0.936213991769547,0.932862883465647,0.938131573520314,0.935445883738358,0.912106135986733,0.91550394314932,0.62142273098937,0.568265682656827,0.848690664855483,0.859014348097318,0.899256600871571,0.891020516919797,0.695294842818985,0.614936954413191,0.722504230118443,0.65246207472139,0.784913129535958,0.872376744653078,0.706734693877551,0.782486096968748,0.77654221283469,0.784796429054511,0.854510972636142,0.80654420206659,0.699485962831159,0.723845943731221,0.824401245838256,0.870668618838458,0.847334586959374,0.774164665662773,0.825416997617156,0.781504702194357,0.746191094838786,0.711327988846288,0.821859077917236,0.842380891557032,0.79148367385908,0.867731522240389,0.563125859022187,0.502692998204668,0.879138202837625,0.857087340911299,0.802735042735043,0.542064439140811,0.860444903807756,0.761682482687869,0.728747514910537,0.755688622754491,0.839027160026498,0.865200670545311,0.565237436606731,0.412624196376388,0.672520325203252,0.622435897435897,0.834950367337782,0.786603149912502,0.719227114349066,0.788422360248447,0.751874573960464,0.664963814389102,0.677649720709892,0.651876145461561,0.644984669294788,0.804928699986155,0.349189754312598,0.730719517449375,0.796348314606742,0.8353428786737,0.845521150124413,0.857285571571286,0.812531079065142,0.820813116948302,0.834737999267131,0.853300300831711,0.555666555666556,0.726565034057736,0.819276221330486,0.824456542429665,0.816338439095551,0.848091198303287,0.754990215264188,0.690622261174408,0.837562900481483,0.861857848773969,0.569174118884798,0.704836020011117,0.765755053507729,0.803168316831683,0.851240629902958,0.772482113373693,0.782639579485722,0.745799536500579,0.689496857712716,0.724913640576291,0.74813122923588,0.71537170500543,0.836528988253126,0.843164607413312,0.660115606936416,0.797012213586353,0.896291925747742,0.872167072485484,0.657142857142857,0.801124385101897,0.78641975308642,0.72568710359408
"1005",0.754134509371555,0.852417302798982,0.876271186440678,0.813819577735125,0.925206922498119,0.916138540899042,0.957053415891961,0.955143691945401,0.91702470461869,0.899772209567198,0.927583579846121,0.921816864406403,0.840730295383702,0.861342756183746,0.627450980392157,0.566120218579235,0.97353714661407,0.964550493054056,0.887107548430194,0.902649414664202,0.926774734488541,0.911548494190183,0.937279521674141,0.927737532179848,0.920643885907936,0.899465564182717,0.621149042464613,0.693711967545639,0.831266128360942,0.80952380952381,0.881580449925774,0.884070416487763,0.568329718004338,0.818164399310213,0.758125102074147,0.541916506392126,0.805918618988903,0.728515625,0.824364723467862,0.799364462882867,0.800118273211118,0.690291350808293,0.79424713824479,0.797289666854884,0.771103055411704,0.670116429495472,0.771929824561403,0.788686509699393,0.84475620975161,0.811682650392328,0.739595375722543,0.753093060785369,0.749116607773852,0.756090854094484,0.841228246993214,0.777894620323223,0.815876288659794,0.801503324660306,0.641448950152268,0.652975420439845,0.792527763477238,0.7776926351639,0.540540540540541,0.57802111849824,0.889929294859545,0.837481756932366,0.7735368956743,0.699188410856096,0.822307271733188,0.809147531839732,0.42604501607717,0.746287128712871,0.790496114763897,0.793435712134899,0.718183077136131,0.81177938607437,0.851460474923921,0.808258563426362,0.825750622787466,0.766920714366966,0.724396160742538,0.699806179455022,0.778401296919815,0.454442098424557,0.487312145848731,0.306172839506173,0.639755676536981,0.703590527119939,0.799708834572063,0.845129642606868,0.755053003533569,0.761519302615193,0.870601807344741,0.850907757197873,0.614842122134957,0.811614532192453,0.764284014819347,0.841556849524977,0.844393917862726,0.805493895671476,0.835474513054289,0.733727810650888,0.885494223363286,0.819199905940449,0.518264014466546,0.751875095668146,0.710071210579858,0.805592543275632,0.863889921904054,0.796981132075472,0.837209302325581,0.824476410523962,0.766506380617718,0.671974522292994,0.636320865678664,0.702330834787966,0.775156068140938,0.832095206416085,0.716906547739712,0.716872110939908,0.896380270485282,0.873857837901982,0.579570925392251,0.715829439252336,0.806564433683078,0.772187676653477
"1018",0.844400396432111,0.843511450381679,0.818414322250639,0.788967286722258,0.911396468699839,0.90963009208678,0.959324155193993,0.961782240351428,0.926571579503434,0.926436278798484,0.942685226481382,0.941129532531783,0.882570372476542,0.850019179133103,0.507042253521127,0.526315789473684,0.928915187376726,0.908995706356687,0.906033630069238,0.903165151989972,0.930644965383214,0.927252447639113,0.938282647584973,0.917729930887826,0.907603756437443,0.896130346232179,0.688732394366197,0.728434504792332,0.785301594638318,0.851549755301794,0.866882241983293,0.861043052152608,0.528765920070268,0.733746841258902,0.840232637700992,0.709545231838225,0.84487402947235,0.836080235083685,0.817140746213521,0.777335770347275,0.769881109643329,0.799695188330067,0.802021903959562,0.827606290040769,0.71304347826087,0.644536652835408,0.588223806268919,0.867290226379287,0.846764875794339,0.850805808201691,0.752190237797247,0.763092269326683,0.627906976744186,0.704444444444444,0.80284562485179,0.854353828802551,0.826428378012456,0.808411535036646,0.692690394182932,0.49287072243346,0.880790030566659,0.876715360779106,0.753173483779972,0.731521739130435,0.862515221023419,0.870115661144108,0.763463154945363,0.677432712215321,0.804965859714463,0.849412062207612,0.679419057739993,0.699859088774072,0.664077669902913,0.67317753749564,0.794244234598831,0.854951690821256,0.873647439720542,0.863515059092642,0.825369244135534,0.639824797843666,0.64958132453692,0.598961180973209,0.787300722169233,0.847474747474747,0.436349079263411,0.0964601769911504,0.777523591649986,0.789781265653698,0.818672839506173,0.85863309352518,0.801328502415459,0.799148099606815,0.845716882526699,0.808118081180812,0.804644808743169,0.6799563080284,0.85060383413563,0.870382319728988,0.820816864295125,0.849310676498878,0.813196229648672,0.768193535593892,0.870505385252693,0.887733086762213,0.781898177247014,0.726377346875962,0.566371681415929,0.41143764892772,0.836504123108889,0.851735244092209,0.779481229800282,0.780716073566221,0.846936141655051,0.785604543973183,0.729738456570875,0.681037175882537,0.817669697138714,0.81125786939884,0.840835666594874,0.8682875104143,0.89540960896669,0.896923276645463,0.745631067961165,0.700044437861058,0.742010189902733,0.707664884135472
"1019",0.831955922865014,0.829361296472831,0.836996336996337,0.794495412844037,0.89620253164557,0.892689049262629,0.952981573729264,0.955450598730977,0.91152037894588,0.918648958603085,0.927914862818159,0.931485632983499,0.883530482256597,0.877871148459384,0.658040665434381,0.657243816254417,0.870262390670554,0.856498351553011,0.889892323723515,0.876435781413157,0.928359976317348,0.928811928811929,0.91952770208901,0.921269682579355,0.919328419328419,0.915300261096606,0.56195462478185,0.661764705882353,0.71020588886429,0.877618263120734,0.896647745528542,0.886435331230284,0.79792447391179,0.76838905775076,0.778429217051423,0.738115095913261,0.782141111292162,0.816259269431475,0.694294294294294,0.772376543209877,0.725094238018309,0.710504023718763,0.835283528352835,0.781047675103002,0.660784768980729,0.727177058668771,0.751632047477745,0.6478184991274,0.759303721488595,0.811797050737316,0.742857142857143,0.722248243559719,0.626721493375106,0.687863928899785,0.792201052709615,0.853744033412888,0.668989007586314,0.822542941355829,0.62002200220022,0.737569060773481,0.820584144645341,0.838866755201417,0.301104349785891,0.488481324088571,0.848665015139004,0.86959857514728,0.786512422768503,0.819989713697926,0.881363534424759,0.86027750887383,0.691102406267487,0.673897830650805,0.818053596614951,0.759929563686167,0.653226797787339,0.796387718242023,0.763320123293703,0.769929993035956,0.731040979745643,0.270535714285714,0.219533275713051,0.551842557125875,0.826666666666667,0.844739146753409,0.491869013143239,0.776056707797322,0.789384326691091,0.805048335123523,0.797113071371291,0.815965787598004,0.832125603864734,0.805671930389945,0.833557046979866,0.883089327392319,0.547376368440921,0.67907995618839,0.82811000292117,0.777187694368691,0.835807331111784,0.837721562553777,0.772379778051788,0.846290200050646,0.865215273354068,0.894456247244158,0.619844449681829,0.811175785797439,0.663632602399669,0.656730321378668,0.855803123888368,0.873001394999463,0.769835329341317,0.815344827586207,0.774279514219363,0.794542899877623,0.66508062384351,0.701821475294354,0.869090316269971,0.801783231868079,0.79874542603241,0.768405324640044,0.852335855245754,0.872959279414524,0.689210950080515,0.79171409059868,0.738618274434893,0.84858662188637
"1101",0.798029556650246,0.822894168466523,0.829411764705882,0.836168307967771,0.903751168068349,0.911023921022655,0.944151587265951,0.947773956858346,0.879610863396838,0.886075103568088,0.934367556392667,0.927452817561237,0.845635660025799,0.85932762030323,0.631710362047441,0.616591928251121,0.951814396192742,0.948433448114611,0.907346326836582,0.878334799179126,0.925786163522013,0.930631045601105,0.907630522088353,0.926574685062987,0.886643571978445,0.889294034234782,0.597758405977584,0.392156862745098,0.691413881748072,0.85861464270057,0.879677708146822,0.867794665901921,0.689154368704615,0.657657657657658,0.826903223339579,0.807469643440311,0.69520697167756,0.821273047345502,0.837526739329734,0.696673189823875,0.70858721260866,0.832785592217694,0.731692115923964,0.729956390472996,0.777520457001698,0.797410390020527,0.844685417372642,0.721218074656189,0.828392840231083,0.804420740089075,0.853929168566651,0.752011922503726,0.795937751150727,0.767614692010862,0.776155274753286,0.788849270664506,0.74034198860038,0.808806110362292,0.826600554178212,0.744968657208842,0.816738567730802,0.831817189433083,0.803130644190247,0.360760846334687,0.836768901569187,0.863325924429178,0.785564665748998,0.728296296296296,0.847361490934873,0.801610221405443,0.460946094609461,0.480482897384306,0.649488054607509,0.681846733668342,0.774469651649717,0.771253602305475,0.846104238728968,0.815537792735942,0.809697774825639,0.813453339649455,0.676049063912201,0.638349248161563,0.768593937775404,0.807285145133751,0.779794790844515,0.512577469923441,0.796902226524685,0.741575356626008,0.807438200579022,0.840247781684246,0.791627278865631,0.707226591482416,0.842637936663402,0.831202789076119,0.820997807017544,0.718385160938352,0.672119281991893,0.747925028250789,0.844175916818884,0.803224744981902,0.767143489160891,0.697921478060046,0.66387686037626,0.832784436220419,0.79630314232902,0.833551388283181,0.78672032193159,0.826237054085155,0.702250481050782,0.842876936641894,0.782804862764757,0.736058871627146,0.803345388788427,0.828228830233508,0.749732307991823,0.784646613766378,0.728241727685606,0.706031630942131,0.84859889131872,0.83034188034188,0.872714393235047,0.865337007800458,0.77502691065662,0.756050448812635,0.781799899446958,0.694644284572342
"1104",0.848309178743961,0.783369803063457,0.767391304347826,0.819574888779041,0.911832589629174,0.898264607546569,0.940798639381932,0.942307518382187,0.884544354581927,0.880506329113924,0.90846426227205,0.917031431396999,0.866526537046768,0.872161895360316,0.476190476190476,0.615544041450777,0.934600461114548,0.914427096664107,0.894947291893857,0.871280028684116,0.937188434695912,0.938216709571729,0.91803840877915,0.925818226814329,0.901904931458074,0.875725190839695,0.250909090909091,0.29811320754717,0.865658747300216,0.571048031299426,0.868113886767754,0.882000413308535,0.75703588949135,0.738130934532734,0.764014792028013,0.769803263687662,0.832092078537576,0.790687830687831,0.628608923884514,0.828412643278916,0.81831541495862,0.790554414784394,0.682069795427196,0.758478324977883,0.702036949313122,0.741986815185269,0.791300323924109,0.84870939854267,0.779273411492256,0.802229562345169,0.816962789138451,0.688791208791209,0.72606823451474,0.631262411347518,0.801124604631184,0.843208259496109,0.828997571973639,0.766276627662766,0.750321513871027,0.704225352112676,0.831072042805274,0.671417711896617,0.80314384938768,0.285252711747057,0.839382061332718,0.885640210026362,0.667160775370581,0.78651136271076,0.755903670797288,0.848187232264131,0.617601646937725,0.638151425762045,0.724191498375936,0.740062996850158,0.864577801380775,0.607342949100012,0.814667502111314,0.850255477884706,0.65459645543797,0.571790006325111,0.642672991646901,0.442415476405713,0.689048991354467,0.790293453724605,0.776212832550861,0.439442658092176,0.755674232309746,0.76214785403668,0.805043514013568,0.828880547582248,0.764051789794364,0.844901777362021,0.817515504604398,0.840634125990822,0.421354060134997,0.622715706685172,0.764915232302317,0.770473888134583,0.787891484235886,0.84820193637621,0.722428748451053,0.790747713824637,0.881719025537195,0.874191601276192,0.763036809815951,0.658154381892049,0.830528846153846,0.835398230088496,0.829339627482169,0.860873456708874,0.789009326947315,0.635570055550657,0.695384270669953,0.674324964471814,0.658095042172393,0.772653178636494,0.728246953388022,0.723533619456366,0.810232660712317,0.847124090647407,0.833034582258558,0.847008331229487,0.718638702018203,0.810111869824205,0.743814432989691,0.664701881659488
"1107",0.839598997493734,0.869565217391304,0.868918145392101,0.830845771144279,0.910710750346466,0.902210714997013,0.947652635209877,0.944295826329869,0.898419301164725,0.885449957947855,0.923504200429144,0.923445471027315,0.878824969400245,0.863471840162154,0.475247524752475,0.686903729401561,0.921099774125711,0.910699474702792,0.869372693726937,0.87720561757292,0.926482394770042,0.918597880517061,0.918429844097996,0.933160384556692,0.884061183772999,0.883191565832036,0.178674351585014,0.135467980295567,0.785543267586364,0.579561566146799,0.879738068253369,0.860762800417973,0.702051449039401,0.787626722121133,0.775682382133995,0.750249790176252,0.847739437421706,0.881233000906618,0.821864594894562,0.824477830707219,0.753644493446037,0.797796249758361,0.766296475132786,0.839753013819465,0.801283336675356,0.769613947696139,0.868829337094499,0.867930029154519,0.520451728412064,0.667580659903117,0.800987857583865,0.70479704797048,0.686626746506986,0.723618090452261,0.488861033559341,0.777784068391553,0.781086261980831,0.77176293885725,0.651136036813345,0.616652926628195,0.775369928400955,0.821371971926647,0.825627476882431,0.290346907993967,0.842936578289951,0.800942146327101,0.713729231258447,0.667111296373489,0.819226118500605,0.843345416882444,0.494796594134342,0.678675188843695,0.708042600073448,0.705781584582441,0.823495202093632,0.720420142106889,0.810342239567697,0.876531942633638,0.821593465135551,0.759978366684694,0.626650393875513,0.683335271543203,0.744391570360299,0.585908529048208,0.695471108797501,0.680489462950374,0.803305400372439,0.814743435316791,0.806278676648153,0.833052985702271,0.800224887556222,0.798311264632508,0.831925905747753,0.851762433606953,0.7855,0.728041333959605,0.811580704001242,0.820349444969884,0.836691410392365,0.725303069383544,0.764430577223089,0.776138147566719,0.871238184308093,0.831037043148255,0.624064478986759,0.674628210905813,0.771531100478469,0.774708410067526,0.841615243044278,0.863761067464771,0.685422575155984,0.761467889908257,0.738828658291745,0.801386682074245,0.697985082934432,0.707646495799213,0.809947412394948,0.80573327381838,0.789630204292733,0.833228229089033,0.852282044274392,0.907127429805616,0.749836708033965,0.786427626037781,0.722406015037594,0.72813487881981
"1110",0.873487348734873,0.781350482315113,0.842966194111232,0.7930842163971,0.891380753138075,0.886267107126003,0.950380160905313,0.951331155707528,0.889018109320485,0.88498187030947,0.91722959991869,0.925495275381943,0.892125757138737,0.898202043720088,0.581168831168831,0.660162601626016,0.878032532060179,0.873450995118288,0.896639188332277,0.887537993920973,0.930921424533635,0.928324388789505,0.925039484874256,0.930299792596317,0.889223813112283,0.907223553577542,0.351304347826087,0.250614250614251,0.56868597241268,0.839349112426035,0.852260590957636,0.869951923076923,0.460406240800707,0.694741435740781,0.712899609571302,0.827834533578965,0.806373732496379,0.825211176088369,0.798906677079266,0.801674179008371,0.796757121945727,0.809819700519507,0.804962492787074,0.792452830188679,0.755946225439504,0.590544157002676,0.797186049992516,0.8297849346158,0.801201529219006,0.814224137931034,0.801909307875895,0.699375557537913,0.75135690186299,0.766112789526687,0.65168121865131,0.835451313692641,0.808554437328454,0.797280866585608,0.565345765345765,0.722170829478878,0.689619555861594,0.845655745626752,0.733801717408275,0.335109926715523,0.89019865683558,0.876363930274537,0.748032148479576,0.834005376344086,0.837102533582724,0.843211512971028,0.758691206543967,0.620743034055728,0.785830471715164,0.607623743599469,0.564262856292327,0.76223294279807,0.587392245202029,0.844748858447489,0.847572989432205,0.820918479455065,0.57995788430571,0.644255633542667,0.773687960104488,0.728515928515929,0.346211440551063,0.579198205775161,0.838747784997047,0.733496832209279,0.839808309682222,0.83363640395618,0.817257978249242,0.819122368890475,0.801572444777237,0.833909405130071,0.688951595398307,0.791242812914639,0.8573609988323,0.852694820856905,0.873506791032564,0.797228449154269,0.786508240705251,0.807458997977982,0.852205547976353,0.856183586584057,0.541589648798521,0.827698008337193,0.73438447543966,0.756911344137274,0.873055917496049,0.889770180062566,0.687105500450857,0.74351439845521,0.752640892273044,0.825814234016888,0.687179487179487,0.683180322189503,0.876294058408862,0.834898459545728,0.58733465264035,0.859907680329236,0.898922129344479,0.898823774331217,0.74739849010406,0.645396536007293,0.650248531405332,0.723922342875946
"1113",0.77205040091638,0.799007444168734,0.817032040472175,0.809443507588533,0.894475920679887,0.882332402234637,0.944242752641561,0.948866104787558,0.890511506995948,0.905011276327358,0.938199920821635,0.939565234726289,0.875758802104411,0.881706693919264,0.598039215686274,0.590250329380764,0.918996415770609,0.919295507747185,0.890524967989757,0.861783634692001,0.934829991281604,0.92648747989892,0.932043620232888,0.934166451945375,0.888401253918495,0.9205268935236,0.29723991507431,0.314928425357873,0.86812028856286,0.859127934834691,0.901499622397238,0.903508771929825,0.302853437094682,0.655226209048362,0.651216518662912,0.714577378521846,0.86115569823435,0.753798722748293,0.873865814696486,0.794489092996556,0.78508973768983,0.613358169238957,0.854084507042253,0.864791040699262,0.748307329997056,0.723004694835681,0.709304194118592,0.772304407503431,0.846787851416958,0.873737649435013,0.869180454020777,0.800329692973418,0.66149275450191,0.68886646485032,0.798711021417876,0.844117885848827,0.793341780900818,0.820476717288545,0.36997834977147,0.441155407018381,0.847150259067358,0.890427698574338,0.835601524224279,0.703511053315995,0.857409650716737,0.686677328084635,0.749365661122075,0.686417569459798,0.812935664495486,0.82350251486054,0.699057287889775,0.518893650175302,0.843383947939263,0.676258992805755,0.850696280627534,0.840317518921913,0.757567577989434,0.81624120366281,0.603482260183968,0.762579384465071,0.719752156074688,0.690541394564988,0.845720015039479,0.651026392961877,0.59789057350033,0.0689499774673276,0.716694330392243,0.756685307574987,0.707257013181401,0.784940778341794,0.800113010312191,0.849944541277135,0.87621359223301,0.900226757369615,0.855271774721676,0.675971655572257,0.857678591124674,0.873932155594261,0.866186504927976,0.784056066579063,0.74496103198065,0.825132825132825,0.862110355363183,0.854442591320841,0.831400165700083,0.459683496608892,0.82445894881484,0.846511627906977,0.850139163676604,0.778466180860968,0.827319587628866,0.78149824032177,0.806725459490645,0.759747811715737,0.744179235612828,0.794064818430301,0.813475280735015,0.824833295010347,0.823831913017925,0.873810949244994,0.894213583556747,0.918170266836086,0.848150638870208,0.301090299133352,0.802455760202239,0.657022302591923
"1116",0.617283950617284,0.648401826484018,0.853806228373702,0.772831574116567,0.879235447437011,0.879124523296302,0.944834133220822,0.949910071942446,0.910647084290805,0.907164586174342,0.921328573217007,0.924945151145071,0.870779661016949,0.872371283538796,0.700315457413249,0.589090909090909,0.953031252798424,0.944398167430237,0.88360450563204,0.888819095477387,0.90782686701054,0.907587439937423,0.922268422268422,0.922098569157393,0.9070715835141,0.902137026506466,0.161654135338346,0.232974910394265,0.75574185660641,0.840631822267882,0.855278895291943,0.871776757329565,0.659607598878854,0.600655430711611,0.788546645423969,0.741849691146191,0.743410435718128,0.837792856228396,0.763535317318035,0.762927856766719,0.774115578993628,0.777787212363081,0.743060182100822,0.786035440359693,0.636150234741784,0.608007909045971,0.749937106918239,0.773934837092732,0.840715857066413,0.821250519318654,0.696515616537281,0.711036225779275,0.660259549461312,0.74390386185976,0.843441077750701,0.850238749819129,0.791244970125594,0.80544817045761,0.707195535180387,0.481647742276208,0.688538380651945,0.816441005802708,0.747854515733551,0.676464323748669,0.878097815580901,0.849256255691921,0.635260816821674,0.784043801329683,0.806857559730075,0.843955703554557,0.5,0.440302853814793,0.735271217233325,0.65271513620783,0.779761068165847,0.834238984236294,0.840164037537424,0.862083689154569,0.642287738833354,0.6,0.68353488372093,0.670147255689424,0.555804823331464,0.53659657589337,0.366561514195584,0.782233189389266,0.828977777777778,0.732358919756074,0.839374485596708,0.828655627280382,0.790146554412223,0.789803921568627,0.803696021120121,0.855009550269144,0.750950570342205,0.824525547445256,0.807066158642189,0.852285889486952,0.774074756030197,0.794045534150613,0.667949026208223,0.696362677912493,0.859433486421195,0.807872107116062,0.768191468828411,0.603195164075993,0.537378544517153,0.606906686260103,0.854074986798099,0.831237273925021,0.699045639232732,0.802104814051056,0.782324556404119,0.74519339006709,0.650179960524788,0.737413394919169,0.824359421638175,0.804956537821343,0.785538829753732,0.848495390502696,0.85554365813297,0.829404925483564,0.466235524138968,0.697609783212896,0.752293577981651,0.689065838026801
"1119",0.756123535676251,0.843373493975904,0.779038357644516,0.764376590330789,0.696979038224414,0.867279894875164,0.941839985370971,0.942071839650724,0.876310609408267,0.893126552031111,0.904647274660466,0.911215859095694,0.86218122626153,0.844698412698413,0.676156583629893,0.682190056639396,0.963744281879702,0.951733874525721,0.567913385826772,0.861538461538462,0.740180821105677,0.914313629702003,0.890454385346953,0.902065404475043,0.886493341788205,0.906545903664059,0.359408033826638,0.278372591006424,0.815242216612574,0.769866666666667,0.849318558145459,0.871219281663516,0.641648723469702,0.610484406104844,0.577824677771915,0.733258987839201,0.785064756131166,0.388784264490479,0.647045903799693,0.715761003196459,0.747148078413999,0.543830992050528,0.712362911266201,0.666666666666667,0.494175785386516,0.692756036636137,0.723837826363829,0.487848784878488,0.731946318256053,0.665152354570637,0.796597448086065,0.762934007817889,0.610151843817787,0.669038112522686,0.685160400697571,0.721491228070175,0.645313235986811,0.635204995649281,0.674151150054765,0.416933300516859,0.770617395223073,0.805096641831336,0.651678998292544,0.507293837451622,0.803097838199242,0.831553546168141,0.710913215155843,0.763515016685206,0.78869478135084,0.849077328646749,0.707096774193548,0.22649807586586,0.715285691030441,0.449620253164557,0.744452070464425,0.721991701244813,0.802633593630378,0.843705171118246,0.588560248590172,0.165404602821084,0.391859914813062,0.628261939931068,0.779239246356203,0.643005028098196,0.705882352941177,0.264868179031269,0.720493358633776,0.663746852074893,0.80346049422484,0.751207043453564,0.712799339388935,0.666120039357166,0.829574426358109,0.837141820819732,0.627308946034046,0.635556682728887,0.780539445825278,0.707114047884665,0.839837541938902,0.832318992654774,0.783412572636027,0.774000918695453,0.802015003805313,0.752707980252008,0.733810438121836,0.685309176841276,0.765649575338157,0.769625448948179,0.831644751023928,0.775814386771855,0.770331261176871,0.7199549223215,0.615858462860827,0.718201214508452,0.651606163489162,0.657337128399747,0.808914801579838,0.694122423203573,0.721726810567547,0.833333333333333,0.889391863720293,0.872530306938354,0.717666624024562,0.647587354409318,0.691096634093377,0.781019907281156
"1122",0.813688212927757,0.695156695156695,0.821614583333333,0.848929663608563,0.888029130632681,0.88221805294976,0.952651316754311,0.955209215298901,0.932419058391065,0.937214077302691,0.916831910234287,0.920691107840616,0.846539978486913,0.853229571984436,0.732824427480916,0.720508166969147,0.957968727585712,0.948682884698431,0.851685393258427,0.880584890333063,0.915807790121804,0.904524007771302,0.929894996911674,0.92605980939862,0.889158674274615,0.886737900691389,0.457264957264957,0.39766081871345,0.856224708402761,0.825889164598842,0.884951140065147,0.853145057766367,0.631749460043197,0.543673469387755,0.67881675160647,0.802461899179367,0.80578847714363,0.775880633748654,0.80920716112532,0.737338044758539,0.747279920870425,0.793524223752567,0.666127728375101,0.737292975442604,0.699115044247788,0.599241466498104,0.764797778163513,0.840249278005776,0.746555404618669,0.771052192763048,0.770871261378414,0.721867185329258,0.713840996168582,0.656780881082637,0.757022471910112,0.809634583696811,0.846298283261803,0.806873497155592,0.702380952380952,0.558807876530069,0.810605130722965,0.812790933009512,0.79400299850075,0.517117117117117,0.756199720763247,0.802187093980078,0.627341999103541,0.559935854603768,0.858125774047062,0.820201421800948,0.610362694300518,0.40259139287367,0.660728744939271,0.769362797682901,0.826923076923077,0.80875009907268,0.794023479188901,0.835942371435135,0.860490137477585,0.82104961284772,0.688359985124582,0.68296269068186,0.770262035344302,0.766209858866844,0.711395101171459,0.488844488844489,0.790399239543726,0.754974048442907,0.811995843024694,0.767756482525366,0.708843765732505,0.842105263157895,0.843132220795892,0.841176470588235,0.761587708066581,0.681376875551633,0.816532258064516,0.828952143931145,0.813534917206624,0.684245512962553,0.808841843088418,0.681170292573143,0.827803203661327,0.822619202851306,0.77374887623614,0.749073762209498,0.716049382716049,0.735085227272727,0.775060111101899,0.684353059177533,0.674368065881276,0.762755762755763,0.826763485477178,0.823097248179416,0.597790994052676,0.782754893719227,0.784661024343426,0.824698795180723,0.711594991834513,0.82707240293809,0.82686460382758,0.843280223242416,0.731813246471227,0.672309107635695,0.801088270858525,0.713036868110984
"1125",0.856050955414013,0.787951807228916,0.820608899297424,0.805096743747051,0.892675733245945,0.896402398401066,0.94407602443108,0.949917414994399,0.915219426741973,0.929376708751881,0.922362636629936,0.915255139378618,0.882738095238095,0.857298178852949,0.642231075697211,0.678380443086325,0.971331618706489,0.968414163681455,0.828478964401295,0.880499015101773,0.913685592385953,0.914393671035541,0.919861988151813,0.90864095689833,0.892291557420031,0.905234562741615,0.155642023346304,0.208904109589041,0.898651194333509,0.833947332514668,0.879655131122021,0.878859348198971,0.777807995648627,0.592116788321168,0.784608084206894,0.812596130494617,0.779559118236473,0.831545375471151,0.666666666666667,0.764749154038546,0.755655186468311,0.792852816474864,0.851566794942276,0.753613214039917,0.490213263219398,0.735294117647059,0.741735190468199,0.764970276931999,0.819161802597676,0.810286326567058,0.778980515646526,0.731340546488172,0.67171684189904,0.672627030248845,0.835416031697653,0.817297997983581,0.699088496596285,0.726604278074866,0.64009900990099,0.711864406779661,0.807167365611895,0.832965647652064,0.81255946717412,0.695409429280397,0.866504961411246,0.829962684848206,0.766787448924524,0.804441260744986,0.861275887189094,0.841190177451156,0.484529295589203,0.766462167689162,0.775889615105301,0.776216216216216,0.859255905214701,0.835414172510119,0.824445335471799,0.802404992974545,0.808748365624629,0.603022766405204,0.439193083573487,0.276774505070014,0.748884870403858,0.740567872423182,0.713235294117647,0.720959918304825,0.783894984326019,0.724621168964339,0.797656413475623,0.803791004534499,0.79149074374797,0.829580745341615,0.830318690783807,0.83550185873606,0.701685137391832,0.73356401384083,0.793918918918919,0.83821337564306,0.857085183689948,0.809343182271911,0.618957601944369,0.743811512078735,0.860929999283514,0.818220828519558,0.71830712483013,0.733333333333333,0.700460829493088,0.680543991118512,0.855674749842243,0.822923773491286,0.766325478060779,0.767247267759563,0.783542234332425,0.804498801548768,0.766383701188455,0.704410463793757,0.83808853914802,0.844107593996136,0.823563551944283,0.843360209496244,0.92007396753647,0.890436207249642,0.762305793524031,0.7271702367531,0.666117065127782,0.759081662307469
"1128",0.734177215189873,0.661087866108787,0.823884197828709,0.744724302246426,0.860846245530393,0.676045770024386,0.951823903912578,0.953065519660498,0.926431972940496,0.917011905281061,0.881509300056185,0.8797113374485,0.851598173515982,0.825747126436782,0.692549842602308,0.656050955414013,0.917209864928432,0.92606879841872,0.82390185991294,0.6796875,0.799912625600699,0.738842975206612,0.897798858667457,0.897752121053092,0.844411800710001,0.844837261503928,0.542056074766355,0.394160583941606,0.801860908982465,0.841217150760719,0.715441435103764,0.819031903190319,0.703905921881562,0.731877729257642,0.494097697776039,0.698830409356725,0.732035709058979,0.71430584918957,0.5766092475068,0.648720885834288,0.727734561041435,0.681170522445227,0.828915662650602,0.679830747531735,0.69907795473596,0.56140350877193,0.789886660854403,0.805995864920744,0.772576064908722,0.756180936481437,0.822299651567944,0.604094244882194,0.731340612135314,0.668275245755139,0.817501988862371,0.844856921887084,0.835277882323422,0.799055358755296,0.560912182436487,0.598626104023553,0.808423449060899,0.779388546002584,0.811305070656692,0.152431011826544,0.828843705920804,0.798927828452552,0.665063246035988,0.772888102609465,0.865210570773501,0.872846182870079,0.717146433041302,0.717457114026236,0.821702215779665,0.656434474616293,0.741012298959319,0.684398429132453,0.812025611669423,0.842559842066299,0.773615635179153,0.435433884297521,0.66360266864344,0.495353639648942,0.698940131767402,0.639877300613497,0.0291005291005291,0.333459072048284,0.778836987607245,0.63921568627451,0.793512522207576,0.722903090811263,0.794844707373759,0.7192952735897,0.413058419243986,0.667273554847519,0.584295612009238,0.688150215681299,0.71643980017416,0.784021274135738,0.763000239635754,0.794898490369599,0.692368214004721,0.697836706210747,0.779089812101362,0.770718603089322,0.695557372581085,0.721219414360209,0.781051846325998,0.740821519447474,0.808965568089656,0.791303995789644,0.746999184244261,0.720459820935117,0.442888464530731,0.73290637389448,0.639455782312925,0.69147591630389,0.782174556213018,0.783204256888467,0.756745831227893,0.795428787306385,0.829493087557604,0.889612057891582,0.509239447578292,0.688699016604869,0.719560094265514,0.700844013754298
